capture groups,type conversions,N.rep,N.col,expr,time
3,0,0,9,nc::capture_melt_multiple,16736260
3,0,0,9,nc::capture_melt_multiple,7469563
3,0,0,9,nc::capture_melt_multiple,6841753
3,0,0,9,nc::capture_melt_multiple,6915537
3,0,0,9,nc::capture_melt_multiple,6849773
3,0,0,9,nc::capture_melt_multiple,6837903
3,0,0,9,nc::capture_melt_multiple,6834374
3,0,0,9,nc::capture_melt_multiple,6867096
3,0,0,9,nc::capture_melt_multiple,6860039
3,0,0,9,nc::capture_melt_multiple,6821222
3,0,0,9,tidyr::pivot_longer,11872255
3,0,0,9,tidyr::pivot_longer,2812796
3,0,0,9,tidyr::pivot_longer,2722009
3,0,0,9,tidyr::pivot_longer,2707251
3,0,0,9,tidyr::pivot_longer,2722009
3,0,0,9,tidyr::pivot_longer,5456849
3,0,0,9,tidyr::pivot_longer,2620956
3,0,0,9,tidyr::pivot_longer,2608124
3,0,0,9,tidyr::pivot_longer,2610049
3,0,0,9,tidyr::pivot_longer,2607162
3,0,0,9,data.table::melt,597014
3,0,0,9,data.table::melt,436934
3,0,0,9,data.table::melt,421214
3,0,0,9,data.table::melt,424101
3,0,0,9,data.table::melt,441746
3,0,0,9,data.table::melt,422498
3,0,0,9,data.table::melt,421215
3,0,0,9,data.table::melt,425705
3,0,0,9,data.table::melt,436292
3,0,0,9,data.table::melt,419289
3,0,0,9,stats::reshape,2047041
3,0,0,9,stats::reshape,79853804
3,0,0,9,stats::reshape,1228674
3,0,0,9,stats::reshape,1153285
3,0,0,9,stats::reshape,1152643
3,0,0,9,stats::reshape,1119280
3,0,0,9,stats::reshape,1119281
3,0,0,9,stats::reshape,1116073
3,0,0,9,stats::reshape,1160984
3,0,0,9,stats::reshape,1121205
3,0,0,9,cdata::rowrecs_to_blocks,78214184
3,0,0,9,cdata::rowrecs_to_blocks,9418117
3,0,0,9,cdata::rowrecs_to_blocks,11919733
3,0,0,9,cdata::rowrecs_to_blocks,9149605
3,0,0,9,cdata::rowrecs_to_blocks,9790248
3,0,0,9,cdata::rowrecs_to_blocks,9863390
3,0,0,9,cdata::rowrecs_to_blocks,9814308
3,0,0,9,cdata::rowrecs_to_blocks,11394900
3,0,0,9,cdata::rowrecs_to_blocks,9147680
3,0,0,9,cdata::rowrecs_to_blocks,9827461
3,0,1,9,nc::capture_melt_multiple,8450256
3,0,1,9,nc::capture_melt_multiple,7378135
3,0,1,9,nc::capture_melt_multiple,7331619
3,0,1,9,nc::capture_melt_multiple,7299859
3,0,1,9,nc::capture_melt_multiple,6880570
3,0,1,9,nc::capture_melt_multiple,6851056
3,0,1,9,nc::capture_melt_multiple,6853302
3,0,1,9,nc::capture_melt_multiple,6806465
3,0,1,9,nc::capture_melt_multiple,6976490
3,0,1,9,nc::capture_melt_multiple,6897572
3,0,1,9,tidyr::pivot_longer,3215724
3,0,1,9,tidyr::pivot_longer,3012976
3,0,1,9,tidyr::pivot_longer,2988275
3,0,1,9,tidyr::pivot_longer,2961006
3,0,1,9,tidyr::pivot_longer,3246521
3,0,1,9,tidyr::pivot_longer,3234009
3,0,1,9,tidyr::pivot_longer,3234651
3,0,1,9,tidyr::pivot_longer,3242350
3,0,1,9,tidyr::pivot_longer,3296886
3,0,1,9,tidyr::pivot_longer,3303303
3,0,1,9,data.table::melt,620432
3,0,1,9,data.table::melt,568463
3,0,1,9,data.table::melt,560121
3,0,1,9,data.table::melt,540874
3,0,1,9,data.table::melt,542477
3,0,1,9,data.table::melt,546969
3,0,1,9,data.table::melt,548894
3,0,1,9,data.table::melt,536703
3,0,1,9,data.table::melt,536382
3,0,1,9,data.table::melt,553385
3,0,1,9,stats::reshape,1566479
3,0,1,9,stats::reshape,1440083
3,0,1,9,stats::reshape,1392604
3,0,1,9,stats::reshape,1409927
3,0,1,9,stats::reshape,1401907
3,0,1,9,stats::reshape,1412815
3,0,1,9,stats::reshape,1398379
3,0,1,9,stats::reshape,1400944
3,0,1,9,stats::reshape,1399662
3,0,1,9,stats::reshape,1401908
3,0,1,9,cdata::rowrecs_to_blocks,11928074
3,0,1,9,cdata::rowrecs_to_blocks,9873014
3,0,1,9,cdata::rowrecs_to_blocks,9794417
3,0,1,9,cdata::rowrecs_to_blocks,9213445
3,0,1,9,cdata::rowrecs_to_blocks,10068383
3,0,1,9,cdata::rowrecs_to_blocks,9681817
3,0,1,9,cdata::rowrecs_to_blocks,10010318
3,0,1,9,cdata::rowrecs_to_blocks,10026999
3,0,1,9,cdata::rowrecs_to_blocks,9968293
3,0,1,9,cdata::rowrecs_to_blocks,10846008
3,0,3,17,nc::capture_melt_multiple,8525324
3,0,3,17,nc::capture_melt_multiple,7165443
3,0,3,17,nc::capture_melt_multiple,7076581
3,0,3,17,nc::capture_melt_multiple,7068240
3,0,3,17,nc::capture_melt_multiple,7012419
3,0,3,17,nc::capture_melt_multiple,6954676
3,0,3,17,nc::capture_melt_multiple,6995418
3,0,3,17,nc::capture_melt_multiple,7011137
3,0,3,17,nc::capture_melt_multiple,6941201
3,0,3,17,nc::capture_melt_multiple,7014665
3,0,3,17,tidyr::pivot_longer,3075533
3,0,3,17,tidyr::pivot_longer,2774941
3,0,3,17,tidyr::pivot_longer,2750560
3,0,3,17,tidyr::pivot_longer,2732274
3,0,3,17,tidyr::pivot_longer,2745748
3,0,3,17,tidyr::pivot_longer,2746711
3,0,3,17,tidyr::pivot_longer,2754410
3,0,3,17,tidyr::pivot_longer,2744144
3,0,3,17,tidyr::pivot_longer,2741899
3,0,3,17,tidyr::pivot_longer,2755693
3,0,3,17,data.table::melt,608884
3,0,3,17,data.table::melt,563650
3,0,3,17,data.table::melt,556914
3,0,3,17,data.table::melt,537344
3,0,3,17,data.table::melt,541515
3,0,3,17,data.table::melt,536062
3,0,3,17,data.table::melt,538948
3,0,3,17,data.table::melt,544403
3,0,3,17,data.table::melt,541836
3,0,3,17,data.table::melt,547931
3,0,3,17,stats::reshape,2107673
3,0,3,17,stats::reshape,2000845
3,0,3,17,stats::reshape,1984164
3,0,3,17,stats::reshape,2005336
3,0,3,17,stats::reshape,2102860
3,0,3,17,stats::reshape,3823003
3,0,3,17,stats::reshape,1918079
3,0,3,17,stats::reshape,2028755
3,0,3,17,stats::reshape,1882469
3,0,3,17,stats::reshape,1883753
3,0,3,17,cdata::rowrecs_to_blocks,9903491
3,0,3,17,cdata::rowrecs_to_blocks,9690157
3,0,3,17,cdata::rowrecs_to_blocks,9653907
3,0,3,17,cdata::rowrecs_to_blocks,9686307
3,0,3,17,cdata::rowrecs_to_blocks,9967009
3,0,3,17,cdata::rowrecs_to_blocks,9567611
3,0,3,17,cdata::rowrecs_to_blocks,9735711
3,0,3,17,cdata::rowrecs_to_blocks,9839330
3,0,3,17,cdata::rowrecs_to_blocks,14386062
3,0,3,17,cdata::rowrecs_to_blocks,10043682
3,0,10,45,nc::capture_melt_multiple,9362618
3,0,10,45,nc::capture_melt_multiple,8123358
3,0,10,45,nc::capture_melt_multiple,8072671
3,0,10,45,nc::capture_melt_multiple,8019418
3,0,10,45,nc::capture_melt_multiple,8067860
3,0,10,45,nc::capture_melt_multiple,8029684
3,0,10,45,nc::capture_melt_multiple,8071389
3,0,10,45,nc::capture_melt_multiple,8058236
3,0,10,45,nc::capture_melt_multiple,8101864
3,0,10,45,nc::capture_melt_multiple,8179499
3,0,10,45,tidyr::pivot_longer,3750822
3,0,10,45,tidyr::pivot_longer,3465308
3,0,10,45,tidyr::pivot_longer,3411413
3,0,10,45,tidyr::pivot_longer,3419112
3,0,10,45,tidyr::pivot_longer,3422641
3,0,10,45,tidyr::pivot_longer,3411413
3,0,10,45,tidyr::pivot_longer,3424245
3,0,10,45,tidyr::pivot_longer,3408526
3,0,10,45,tidyr::pivot_longer,3271864
3,0,10,45,tidyr::pivot_longer,3584325
3,0,10,45,data.table::melt,1203010
3,0,10,45,data.table::melt,1136603
3,0,10,45,data.table::melt,1159702
3,0,10,45,data.table::melt,1122489
3,0,10,45,data.table::melt,1123130
3,0,10,45,data.table::melt,1136283
3,0,10,45,data.table::melt,2803172
3,0,10,45,data.table::melt,856223
3,0,10,45,data.table::melt,844353
3,0,10,45,data.table::melt,841465
3,0,10,45,stats::reshape,4970834
3,0,10,45,stats::reshape,4810112
3,0,10,45,stats::reshape,4668637
3,0,10,45,stats::reshape,4650352
3,0,10,45,stats::reshape,4718041
3,0,10,45,stats::reshape,4673450
3,0,10,45,stats::reshape,4897690
3,0,10,45,stats::reshape,5028899
3,0,10,45,stats::reshape,5380498
3,0,10,45,stats::reshape,5210794
3,0,10,45,cdata::rowrecs_to_blocks,12823113
3,0,10,45,cdata::rowrecs_to_blocks,12345118
3,0,10,45,cdata::rowrecs_to_blocks,13920578
3,0,10,45,cdata::rowrecs_to_blocks,11770881
3,0,10,45,cdata::rowrecs_to_blocks,11258239
3,0,10,45,cdata::rowrecs_to_blocks,11536695
3,0,10,45,cdata::rowrecs_to_blocks,11913959
3,0,10,45,cdata::rowrecs_to_blocks,11767673
3,0,10,45,cdata::rowrecs_to_blocks,12270050
3,0,10,45,cdata::rowrecs_to_blocks,12281277
3,0,31,129,nc::capture_melt_multiple,12908767
3,0,31,129,nc::capture_melt_multiple,11582891
3,0,31,129,nc::capture_melt_multiple,11463552
3,0,31,129,nc::capture_melt_multiple,11388485
3,0,31,129,nc::capture_melt_multiple,11333627
3,0,31,129,nc::capture_melt_multiple,11832155
3,0,31,129,nc::capture_melt_multiple,11482801
3,0,31,129,nc::capture_melt_multiple,11888295
3,0,31,129,nc::capture_melt_multiple,11956305
3,0,31,129,nc::capture_melt_multiple,11419603
3,0,31,129,tidyr::pivot_longer,4911164
3,0,31,129,tidyr::pivot_longer,4602232
3,0,31,129,tidyr::pivot_longer,4550583
3,0,31,129,tidyr::pivot_longer,4541599
3,0,31,129,tidyr::pivot_longer,4535184
3,0,31,129,tidyr::pivot_longer,6549822
3,0,31,129,tidyr::pivot_longer,4046602
3,0,31,129,tidyr::pivot_longer,4027995
3,0,31,129,tidyr::pivot_longer,4012276
3,0,31,129,tidyr::pivot_longer,4026392
3,0,31,129,data.table::melt,1903001
3,0,31,129,data.table::melt,1844614
3,0,31,129,data.table::melt,1868354
3,0,31,129,data.table::melt,1833387
3,0,31,129,data.table::melt,1839802
3,0,31,129,data.table::melt,1873807
3,0,31,129,data.table::melt,1890810
3,0,31,129,data.table::melt,1864504
3,0,31,129,data.table::melt,1868995
3,0,31,129,data.table::melt,1875732
3,0,31,129,stats::reshape,14858604
3,0,31,129,stats::reshape,15547687
3,0,31,129,stats::reshape,16708350
3,0,31,129,stats::reshape,13810222
3,0,31,129,stats::reshape,13866041
3,0,31,129,stats::reshape,15201862
3,0,31,129,stats::reshape,15562765
3,0,31,129,stats::reshape,15780269
3,0,31,129,stats::reshape,16179989
3,0,31,129,stats::reshape,13562562
3,0,31,129,cdata::rowrecs_to_blocks,17822497
3,0,31,129,cdata::rowrecs_to_blocks,17297665
3,0,31,129,cdata::rowrecs_to_blocks,20584926
3,0,31,129,cdata::rowrecs_to_blocks,20379933
3,0,31,129,cdata::rowrecs_to_blocks,17936061
3,0,31,129,cdata::rowrecs_to_blocks,18765977
3,0,31,129,cdata::rowrecs_to_blocks,19062078
3,0,31,129,cdata::rowrecs_to_blocks,21758742
3,0,31,129,cdata::rowrecs_to_blocks,17777905
3,0,31,129,cdata::rowrecs_to_blocks,18782658
3,0,100,405,nc::capture_melt_multiple,20261557
3,0,100,405,nc::capture_melt_multiple,20062339
3,0,100,405,nc::capture_melt_multiple,19602950
3,0,100,405,nc::capture_melt_multiple,19955833
3,0,100,405,nc::capture_melt_multiple,19728384
3,0,100,405,nc::capture_melt_multiple,19595572
3,0,100,405,nc::capture_melt_multiple,19995933
3,0,100,405,nc::capture_melt_multiple,20733137
3,0,100,405,nc::capture_melt_multiple,19461797
3,0,100,405,nc::capture_melt_multiple,19852535
3,0,100,405,tidyr::pivot_longer,8483940
3,0,100,405,tidyr::pivot_longer,7627398
3,0,100,405,tidyr::pivot_longer,7622265
3,0,100,405,tidyr::pivot_longer,7815389
3,0,100,405,tidyr::pivot_longer,8383209
3,0,100,405,tidyr::pivot_longer,8499339
3,0,100,405,tidyr::pivot_longer,10118428
3,0,100,405,tidyr::pivot_longer,7703107
3,0,100,405,tidyr::pivot_longer,7625473
3,0,100,405,tidyr::pivot_longer,7608471
3,0,100,405,data.table::melt,5066112
3,0,100,405,data.table::melt,4992006
3,0,100,405,data.table::melt,4972437
3,0,100,405,data.table::melt,4983345
3,0,100,405,data.table::melt,4968267
3,0,100,405,data.table::melt,4901540
3,0,100,405,data.table::melt,4999706
3,0,100,405,data.table::melt,6982905
3,0,100,405,data.table::melt,4907315
3,0,100,405,data.table::melt,4887104
3,0,100,405,stats::reshape,52054997
3,0,100,405,stats::reshape,49287755
3,0,100,405,stats::reshape,48604767
3,0,100,405,stats::reshape,48830612
3,0,100,405,stats::reshape,48678873
3,0,100,405,stats::reshape,51314264
3,0,100,405,stats::reshape,49227765
3,0,100,405,stats::reshape,50837231
3,0,100,405,stats::reshape,54714127
3,0,100,405,stats::reshape,49340046
3,0,100,405,cdata::rowrecs_to_blocks,50028809
3,0,100,405,cdata::rowrecs_to_blocks,47645247
3,0,100,405,cdata::rowrecs_to_blocks,44276823
3,0,100,405,cdata::rowrecs_to_blocks,47007172
3,0,100,405,cdata::rowrecs_to_blocks,44895330
3,0,100,405,cdata::rowrecs_to_blocks,45676162
3,0,100,405,cdata::rowrecs_to_blocks,46520514
3,0,100,405,cdata::rowrecs_to_blocks,48340426
3,0,100,405,cdata::rowrecs_to_blocks,46324504
3,0,100,405,cdata::rowrecs_to_blocks,47622150
3,0,316,1269,nc::capture_melt_multiple,41317100
3,0,316,1269,nc::capture_melt_multiple,44990928
3,0,316,1269,nc::capture_melt_multiple,45891741
3,0,316,1269,nc::capture_melt_multiple,42280469
3,0,316,1269,nc::capture_melt_multiple,44154596
3,0,316,1269,nc::capture_melt_multiple,47099883
3,0,316,1269,nc::capture_melt_multiple,42640409
3,0,316,1269,nc::capture_melt_multiple,44625855
3,0,316,1269,nc::capture_melt_multiple,45716904
3,0,316,1269,nc::capture_melt_multiple,43969814
3,0,316,1269,tidyr::pivot_longer,27407751
3,0,316,1269,tidyr::pivot_longer,24684781
3,0,316,1269,tidyr::pivot_longer,26529715
3,0,316,1269,tidyr::pivot_longer,27635200
3,0,316,1269,tidyr::pivot_longer,24076539
3,0,316,1269,tidyr::pivot_longer,23752850
3,0,316,1269,tidyr::pivot_longer,24085842
3,0,316,1269,tidyr::pivot_longer,62939500
3,0,316,1269,tidyr::pivot_longer,23985432
3,0,316,1269,tidyr::pivot_longer,24108940
3,0,316,1269,data.table::melt,15656760
3,0,316,1269,data.table::melt,17757374
3,0,316,1269,data.table::melt,14710394
3,0,316,1269,data.table::melt,14819466
3,0,316,1269,data.table::melt,15323768
3,0,316,1269,data.table::melt,17318517
3,0,316,1269,data.table::melt,14775195
3,0,316,1269,data.table::melt,15283668
3,0,316,1269,data.table::melt,15509192
3,0,316,1269,data.table::melt,17215218
3,0,316,1269,stats::reshape,247514103
3,0,316,1269,stats::reshape,255330774
3,0,316,1269,stats::reshape,294127970
3,0,316,1269,stats::reshape,256645742
3,0,316,1269,stats::reshape,264379004
3,0,316,1269,stats::reshape,268355670
3,0,316,1269,stats::reshape,259007489
3,0,316,1269,stats::reshape,295059259
3,0,316,1269,stats::reshape,247777161
3,0,316,1269,stats::reshape,309761953
3,0,316,1269,cdata::rowrecs_to_blocks,332861327
3,0,316,1269,cdata::rowrecs_to_blocks,383963540
3,0,316,1269,cdata::rowrecs_to_blocks,323938530
3,0,316,1269,cdata::rowrecs_to_blocks,384127791
3,0,316,1269,cdata::rowrecs_to_blocks,320230696
3,0,316,1269,cdata::rowrecs_to_blocks,388971264
3,0,316,1269,cdata::rowrecs_to_blocks,339087139
3,0,316,1269,cdata::rowrecs_to_blocks,362032207
3,0,316,1269,cdata::rowrecs_to_blocks,327322032
3,0,316,1269,cdata::rowrecs_to_blocks,366350206
3,0,1000,4005,nc::capture_melt_multiple,109708315
3,0,1000,4005,nc::capture_melt_multiple,121000879
3,0,1000,4005,nc::capture_melt_multiple,119985219
3,0,1000,4005,nc::capture_melt_multiple,155321599
3,0,1000,4005,nc::capture_melt_multiple,117379020
3,0,1000,4005,nc::capture_melt_multiple,159797433
3,0,1000,4005,nc::capture_melt_multiple,112731235
3,0,1000,4005,nc::capture_melt_multiple,118889999
3,0,1000,4005,nc::capture_melt_multiple,149448349
3,0,1000,4005,nc::capture_melt_multiple,117134248
3,0,1000,4005,tidyr::pivot_longer,140590674
3,0,1000,4005,tidyr::pivot_longer,133491318
3,0,1000,4005,tidyr::pivot_longer,169598587
3,0,1000,4005,tidyr::pivot_longer,127881769
3,0,1000,4005,tidyr::pivot_longer,132985413
3,0,1000,4005,tidyr::pivot_longer,136795904
3,0,1000,4005,tidyr::pivot_longer,167447928
3,0,1000,4005,tidyr::pivot_longer,130728569
3,0,1000,4005,tidyr::pivot_longer,169298316
3,0,1000,4005,tidyr::pivot_longer,140462355
3,0,1000,4005,data.table::melt,52435147
3,0,1000,4005,data.table::melt,56266169
3,0,1000,4005,data.table::melt,94265530
3,0,1000,4005,data.table::melt,49621390
3,0,1000,4005,data.table::melt,51244971
3,0,1000,4005,data.table::melt,50749652
3,0,1000,4005,data.table::melt,51905182
3,0,1000,4005,data.table::melt,50385220
3,0,1000,4005,data.table::melt,55630339
3,0,1000,4005,data.table::melt,47173026
3,0,1000,4005,stats::reshape,1955168191
3,0,1000,4005,stats::reshape,1852506301
3,0,1000,4005,stats::reshape,1679726638
3,0,1000,4005,stats::reshape,1718995093
3,0,1000,4005,stats::reshape,1579114997
3,0,1000,4005,stats::reshape,1623357172
3,0,1000,4005,stats::reshape,1668057773
3,0,1000,4005,stats::reshape,1689404283
3,0,1000,4005,stats::reshape,1686641212
3,0,1000,4005,stats::reshape,1676991478
3,0,1000,4005,cdata::rowrecs_to_blocks,3150900943
3,0,1000,4005,cdata::rowrecs_to_blocks,3356997535
3,0,1000,4005,cdata::rowrecs_to_blocks,3222189002
3,0,1000,4005,cdata::rowrecs_to_blocks,3211503396
3,0,1000,4005,cdata::rowrecs_to_blocks,3072078518
3,0,1000,4005,cdata::rowrecs_to_blocks,3116145855
3,0,1000,4005,cdata::rowrecs_to_blocks,3259431270
3,0,1000,4005,cdata::rowrecs_to_blocks,3094437801
3,0,1000,4005,cdata::rowrecs_to_blocks,3150611900
3,0,1000,4005,cdata::rowrecs_to_blocks,3016827047
3,0,3162,12653,nc::capture_melt_multiple,401474537
3,0,3162,12653,nc::capture_melt_multiple,452895307
3,0,3162,12653,nc::capture_melt_multiple,400328952
3,0,3162,12653,nc::capture_melt_multiple,406974694
3,0,3162,12653,nc::capture_melt_multiple,403156825
3,0,3162,12653,nc::capture_melt_multiple,399063066
3,0,3162,12653,nc::capture_melt_multiple,401687870
3,0,3162,12653,nc::capture_melt_multiple,404248194
3,0,3162,12653,nc::capture_melt_multiple,410309434
3,0,3162,12653,nc::capture_melt_multiple,402135711
3,0,3162,12653,tidyr::pivot_longer,1267866768
3,0,3162,12653,tidyr::pivot_longer,1107745966
3,0,3162,12653,tidyr::pivot_longer,1108449486
3,0,3162,12653,tidyr::pivot_longer,1105575738
3,0,3162,12653,tidyr::pivot_longer,1105364009
3,0,3162,12653,tidyr::pivot_longer,1091232985
3,0,3162,12653,tidyr::pivot_longer,1089324211
3,0,3162,12653,tidyr::pivot_longer,1085200297
3,0,3162,12653,tidyr::pivot_longer,1074008785
3,0,3162,12653,tidyr::pivot_longer,1106847720
3,0,3162,12653,data.table::melt,170120533
3,0,3162,12653,data.table::melt,222996141
3,0,3162,12653,data.table::melt,160704341
3,0,3162,12653,data.table::melt,216979493
3,0,3162,12653,data.table::melt,156440558
3,0,3162,12653,data.table::melt,162727322
3,0,3162,12653,data.table::melt,208735834
3,0,3162,12653,data.table::melt,156823595
3,0,3162,12653,data.table::melt,164231563
3,0,3162,12653,data.table::melt,158821231
3,0,3162,12653,stats::reshape,18974422107
3,0,3162,12653,stats::reshape,18433050792
3,0,3162,12653,stats::reshape,16736838121
3,0,3162,12653,stats::reshape,15209643384
3,0,3162,12653,stats::reshape,15014543577
3,0,3162,12653,stats::reshape,14899805081
3,0,3162,12653,stats::reshape,15441244085
3,0,3162,12653,stats::reshape,14783170324
3,0,3162,12653,stats::reshape,15264345321
3,0,3162,12653,stats::reshape,14714557435
3,0,3162,12653,cdata::rowrecs_to_blocks,39109018911
3,0,3162,12653,cdata::rowrecs_to_blocks,36382321673
3,0,3162,12653,cdata::rowrecs_to_blocks,34939275000
3,0,3162,12653,cdata::rowrecs_to_blocks,32948580194
3,0,3162,12653,cdata::rowrecs_to_blocks,33279596265
3,0,3162,12653,cdata::rowrecs_to_blocks,34491103188
3,0,3162,12653,cdata::rowrecs_to_blocks,34489800731
3,0,3162,12653,cdata::rowrecs_to_blocks,35122235647
3,0,3162,12653,cdata::rowrecs_to_blocks,35581203741
3,0,3162,12653,cdata::rowrecs_to_blocks,33325028616
3,0,10000,40005,nc::capture_melt_multiple,1141106204
3,0,10000,40005,nc::capture_melt_multiple,1341154389
3,0,10000,40005,nc::capture_melt_multiple,1202232529
3,0,10000,40005,nc::capture_melt_multiple,1302448621
3,0,10000,40005,nc::capture_melt_multiple,1194957372
3,0,10000,40005,nc::capture_melt_multiple,1225170539
3,0,10000,40005,nc::capture_melt_multiple,1238280449
3,0,10000,40005,nc::capture_melt_multiple,1192377160
3,0,10000,40005,nc::capture_melt_multiple,1217505609
3,0,10000,40005,nc::capture_melt_multiple,1198158018
3,0,10000,40005,tidyr::pivot_longer,9225241437
3,0,10000,40005,tidyr::pivot_longer,10834587885
3,0,10000,40005,tidyr::pivot_longer,10758158326
3,0,10000,40005,tidyr::pivot_longer,10130502082
3,0,10000,40005,tidyr::pivot_longer,10528663692
3,0,10000,40005,tidyr::pivot_longer,21990608191
3,0,10000,40005,tidyr::pivot_longer,20231803770
3,0,10000,40005,tidyr::pivot_longer,11133683158
3,0,10000,40005,tidyr::pivot_longer,10215486478
3,0,10000,40005,tidyr::pivot_longer,9908773432
3,0,10000,40005,data.table::melt,567765972
3,0,10000,40005,data.table::melt,600488775
3,0,10000,40005,data.table::melt,671146779
3,0,10000,40005,data.table::melt,550237651
3,0,10000,40005,data.table::melt,632376210
3,0,10000,40005,data.table::melt,526793414
3,0,10000,40005,data.table::melt,634047911
3,0,10000,40005,data.table::melt,545482076
3,0,10000,40005,data.table::melt,640465562
3,0,10000,40005,data.table::melt,511208515
3,0,10000,40005,stats::reshape,184615279690
3,0,10000,40005,stats::reshape,171541506373
3,0,10000,40005,stats::reshape,170046822710
3,0,10000,40005,stats::reshape,169542040509
3,0,10000,40005,stats::reshape,169521957960
3,0,10000,40005,stats::reshape,169751285135
3,0,10000,40005,stats::reshape,168945604752
3,0,10000,40005,stats::reshape,168869371844
3,0,10000,40005,stats::reshape,169158426004
3,0,10000,40005,stats::reshape,170119905017
3,0,10000,40005,cdata::rowrecs_to_blocks,459650850897
3,0,10000,40005,cdata::rowrecs_to_blocks,390760377636
3,0,10000,40005,cdata::rowrecs_to_blocks,391377202309
3,0,10000,40005,cdata::rowrecs_to_blocks,391235019493
3,0,10000,40005,cdata::rowrecs_to_blocks,391172162439
3,0,10000,40005,cdata::rowrecs_to_blocks,390621947887
3,0,10000,40005,cdata::rowrecs_to_blocks,391527985837
3,0,10000,40005,cdata::rowrecs_to_blocks,391059330473
3,0,10000,40005,cdata::rowrecs_to_blocks,391181797097
3,0,10000,40005,cdata::rowrecs_to_blocks,391084040276
3,1,0,9,nc::capture_melt_multiple,18120843
3,1,0,9,nc::capture_melt_multiple,7219979
3,1,0,9,nc::capture_melt_multiple,7056691
3,1,0,9,nc::capture_melt_multiple,7469884
3,1,0,9,nc::capture_melt_multiple,7489774
3,1,0,9,nc::capture_melt_multiple,7373322
3,1,0,9,nc::capture_melt_multiple,8117584
3,1,0,9,nc::capture_melt_multiple,7077863
3,1,0,9,nc::capture_melt_multiple,7084600
3,1,0,9,nc::capture_melt_multiple,7081071
3,1,0,9,tidyr::pivot_longer,17864522
3,1,0,9,tidyr::pivot_longer,3069438
3,1,0,9,tidyr::pivot_longer,2990521
3,1,0,9,tidyr::pivot_longer,2978971
3,1,0,9,tidyr::pivot_longer,2959082
3,1,0,9,tidyr::pivot_longer,6259496
3,1,0,9,tidyr::pivot_longer,2957478
3,1,0,9,tidyr::pivot_longer,2877919
3,1,0,9,tidyr::pivot_longer,2949458
3,1,0,9,tidyr::pivot_longer,3012335
3,1,1,9,nc::capture_melt_multiple,9315459
3,1,1,9,nc::capture_melt_multiple,8312311
3,1,1,9,nc::capture_melt_multiple,8021343
3,1,1,9,nc::capture_melt_multiple,8500301
3,1,1,9,nc::capture_melt_multiple,7927989
3,1,1,9,nc::capture_melt_multiple,7738075
3,1,1,9,nc::capture_melt_multiple,7613603
3,1,1,9,nc::capture_melt_multiple,7352791
3,1,1,9,nc::capture_melt_multiple,8243659
3,1,1,9,nc::capture_melt_multiple,8204201
3,1,1,9,tidyr::pivot_longer,3364256
3,1,1,9,tidyr::pivot_longer,3060456
3,1,1,9,tidyr::pivot_longer,3016827
3,1,1,9,tidyr::pivot_longer,3024525
3,1,1,9,tidyr::pivot_longer,2994691
3,1,1,9,tidyr::pivot_longer,4726061
3,1,1,9,tidyr::pivot_longer,2984104
3,1,1,9,tidyr::pivot_longer,2899412
3,1,1,9,tidyr::pivot_longer,2874069
3,1,1,9,tidyr::pivot_longer,2875673
3,1,3,17,nc::capture_melt_multiple,8298195
3,1,3,17,nc::capture_melt_multiple,7505814
3,1,3,17,nc::capture_melt_multiple,7253663
3,1,3,17,nc::capture_melt_multiple,7108660
3,1,3,17,nc::capture_melt_multiple,7114114
3,1,3,17,nc::capture_melt_multiple,7256550
3,1,3,17,nc::capture_melt_multiple,7565483
3,1,3,17,nc::capture_melt_multiple,7235698
3,1,3,17,nc::capture_melt_multiple,7605584
3,1,3,17,nc::capture_melt_multiple,7115077
3,1,3,17,tidyr::pivot_longer,3328967
3,1,3,17,tidyr::pivot_longer,3017147
3,1,3,17,tidyr::pivot_longer,3019714
3,1,3,17,tidyr::pivot_longer,2996615
3,1,3,17,tidyr::pivot_longer,4699435
3,1,3,17,tidyr::pivot_longer,2978971
3,1,3,17,tidyr::pivot_longer,2950741
3,1,3,17,tidyr::pivot_longer,2949137
3,1,3,17,tidyr::pivot_longer,2952024
3,1,3,17,tidyr::pivot_longer,2946891
3,1,10,45,nc::capture_melt_multiple,10512053
3,1,10,45,nc::capture_melt_multiple,8722617
3,1,10,45,nc::capture_melt_multiple,8683800
3,1,10,45,nc::capture_melt_multiple,8588201
3,1,10,45,nc::capture_melt_multiple,8786777
3,1,10,45,nc::capture_melt_multiple,8855108
3,1,10,45,nc::capture_melt_multiple,8736733
3,1,10,45,nc::capture_melt_multiple,8996582
3,1,10,45,nc::capture_melt_multiple,8790948
3,1,10,45,nc::capture_melt_multiple,8707219
3,1,10,45,tidyr::pivot_longer,4332436
3,1,10,45,tidyr::pivot_longer,4086702
3,1,10,45,tidyr::pivot_longer,5824810
3,1,10,45,tidyr::pivot_longer,3541980
3,1,10,45,tidyr::pivot_longer,3522411
3,1,10,45,tidyr::pivot_longer,3551283
3,1,10,45,tidyr::pivot_longer,3522411
3,1,10,45,tidyr::pivot_longer,3527544
3,1,10,45,tidyr::pivot_longer,3562511
3,1,10,45,tidyr::pivot_longer,3532997
3,1,31,129,nc::capture_melt_multiple,12794882
3,1,31,129,nc::capture_melt_multiple,12046771
3,1,31,129,nc::capture_melt_multiple,10996785
3,1,31,129,nc::capture_melt_multiple,11972025
3,1,31,129,nc::capture_melt_multiple,11598611
3,1,31,129,nc::capture_melt_multiple,11941868
3,1,31,129,nc::capture_melt_multiple,11981007
3,1,31,129,nc::capture_melt_multiple,11039452
3,1,31,129,nc::capture_melt_multiple,13770764
3,1,31,129,nc::capture_melt_multiple,11115482
3,1,31,129,tidyr::pivot_longer,5879987
3,1,31,129,tidyr::pivot_longer,5536408
3,1,31,129,tidyr::pivot_longer,5500478
3,1,31,129,tidyr::pivot_longer,5504007
3,1,31,129,tidyr::pivot_longer,5631365
3,1,31,129,tidyr::pivot_longer,5410653
3,1,31,129,tidyr::pivot_longer,5399747
3,1,31,129,tidyr::pivot_longer,5406804
3,1,31,129,tidyr::pivot_longer,5414183
3,1,31,129,tidyr::pivot_longer,6824430
3,1,100,405,nc::capture_melt_multiple,19269315
3,1,100,405,nc::capture_melt_multiple,19282468
3,1,100,405,nc::capture_melt_multiple,19915732
3,1,100,405,nc::capture_melt_multiple,20385708
3,1,100,405,nc::capture_melt_multiple,20635933
3,1,100,405,nc::capture_melt_multiple,18666207
3,1,100,405,nc::capture_melt_multiple,19570228
3,1,100,405,nc::capture_melt_multiple,19848043
3,1,100,405,nc::capture_melt_multiple,19309095
3,1,100,405,nc::capture_melt_multiple,21037899
3,1,100,405,tidyr::pivot_longer,12006029
3,1,100,405,tidyr::pivot_longer,11685869
3,1,100,405,tidyr::pivot_longer,11726611
3,1,100,405,tidyr::pivot_longer,11564926
3,1,100,405,tidyr::pivot_longer,11782751
3,1,100,405,tidyr::pivot_longer,12329719
3,1,100,405,tidyr::pivot_longer,10595783
3,1,100,405,tidyr::pivot_longer,10638128
3,1,100,405,tidyr::pivot_longer,10662509
3,1,100,405,tidyr::pivot_longer,10749126
3,1,316,1269,nc::capture_melt_multiple,38769288
3,1,316,1269,nc::capture_melt_multiple,42058795
3,1,316,1269,nc::capture_melt_multiple,40687364
3,1,316,1269,nc::capture_melt_multiple,44001253
3,1,316,1269,nc::capture_melt_multiple,41271546
3,1,316,1269,nc::capture_melt_multiple,43123538
3,1,316,1269,nc::capture_melt_multiple,39156175
3,1,316,1269,nc::capture_melt_multiple,40535946
3,1,316,1269,nc::capture_melt_multiple,42884861
3,1,316,1269,nc::capture_melt_multiple,46585957
3,1,316,1269,tidyr::pivot_longer,33000619
3,1,316,1269,tidyr::pivot_longer,32836368
3,1,316,1269,tidyr::pivot_longer,35036110
3,1,316,1269,tidyr::pivot_longer,33036228
3,1,316,1269,tidyr::pivot_longer,34329061
3,1,316,1269,tidyr::pivot_longer,35543941
3,1,316,1269,tidyr::pivot_longer,33430815
3,1,316,1269,tidyr::pivot_longer,35787108
3,1,316,1269,tidyr::pivot_longer,32588068
3,1,316,1269,tidyr::pivot_longer,34821814
3,1,1000,4005,nc::capture_melt_multiple,104487577
3,1,1000,4005,nc::capture_melt_multiple,114000971
3,1,1000,4005,nc::capture_melt_multiple,137796808
3,1,1000,4005,nc::capture_melt_multiple,143653054
3,1,1000,4005,nc::capture_melt_multiple,111543625
3,1,1000,4005,nc::capture_melt_multiple,114180941
3,1,1000,4005,nc::capture_melt_multiple,142612371
3,1,1000,4005,nc::capture_melt_multiple,110711463
3,1,1000,4005,nc::capture_melt_multiple,148902023
3,1,1000,4005,nc::capture_melt_multiple,108338809
3,1,1000,4005,tidyr::pivot_longer,165537550
3,1,1000,4005,tidyr::pivot_longer,196987410
3,1,1000,4005,tidyr::pivot_longer,161006537
3,1,1000,4005,tidyr::pivot_longer,167781563
3,1,1000,4005,tidyr::pivot_longer,172182330
3,1,1000,4005,tidyr::pivot_longer,163147252
3,1,1000,4005,tidyr::pivot_longer,190563342
3,1,1000,4005,tidyr::pivot_longer,159391618
3,1,1000,4005,tidyr::pivot_longer,166381260
3,1,1000,4005,tidyr::pivot_longer,157029229
3,1,3162,12653,nc::capture_melt_multiple,357683731
3,1,3162,12653,nc::capture_melt_multiple,406619565
3,1,3162,12653,nc::capture_melt_multiple,374982036
3,1,3162,12653,nc::capture_melt_multiple,373872381
3,1,3162,12653,nc::capture_melt_multiple,369607634
3,1,3162,12653,nc::capture_melt_multiple,378676716
3,1,3162,12653,nc::capture_melt_multiple,367386398
3,1,3162,12653,nc::capture_melt_multiple,371604628
3,1,3162,12653,nc::capture_melt_multiple,373123307
3,1,3162,12653,nc::capture_melt_multiple,333431072
3,1,3162,12653,tidyr::pivot_longer,1245970402
3,1,3162,12653,tidyr::pivot_longer,1188582709
3,1,3162,12653,tidyr::pivot_longer,1221820079
3,1,3162,12653,tidyr::pivot_longer,1834499985
3,1,3162,12653,tidyr::pivot_longer,1264337300
3,1,3162,12653,tidyr::pivot_longer,1251798419
3,1,3162,12653,tidyr::pivot_longer,2001739070
3,1,3162,12653,tidyr::pivot_longer,1930277456
3,1,3162,12653,tidyr::pivot_longer,1259960272
3,1,3162,12653,tidyr::pivot_longer,1213263318
3,1,10000,40005,nc::capture_melt_multiple,1128541980
3,1,10000,40005,nc::capture_melt_multiple,1137069548
3,1,10000,40005,nc::capture_melt_multiple,1070139588
3,1,10000,40005,nc::capture_melt_multiple,1075844096
3,1,10000,40005,nc::capture_melt_multiple,1103279115
3,1,10000,40005,nc::capture_melt_multiple,1054900834
3,1,10000,40005,nc::capture_melt_multiple,1124962467
3,1,10000,40005,nc::capture_melt_multiple,1074365518
3,1,10000,40005,nc::capture_melt_multiple,1093036536
3,1,10000,40005,nc::capture_melt_multiple,1124595789
3,1,10000,40005,tidyr::pivot_longer,11112322212
3,1,10000,40005,tidyr::pivot_longer,11774176630
3,1,10000,40005,tidyr::pivot_longer,12111184967
3,1,10000,40005,tidyr::pivot_longer,17847092120
3,1,10000,40005,tidyr::pivot_longer,12538532535
3,1,10000,40005,tidyr::pivot_longer,11728891846
3,1,10000,40005,tidyr::pivot_longer,11317072076
3,1,10000,40005,tidyr::pivot_longer,11399166364
3,1,10000,40005,tidyr::pivot_longer,16109080184
3,1,10000,40005,tidyr::pivot_longer,12194258345
3,1,31622,126493,nc::capture_melt_multiple,3627504505
3,1,31622,126493,nc::capture_melt_multiple,3766000340
3,1,31622,126493,nc::capture_melt_multiple,3669692904
3,1,31622,126493,nc::capture_melt_multiple,3560524179
3,1,31622,126493,nc::capture_melt_multiple,3757582806
3,1,31622,126493,nc::capture_melt_multiple,3562699860
3,1,31622,126493,nc::capture_melt_multiple,3606569905
3,1,31622,126493,nc::capture_melt_multiple,3653868685
3,1,31622,126493,nc::capture_melt_multiple,3556837518
3,1,31622,126493,nc::capture_melt_multiple,3567559375
3,1,31622,126493,tidyr::pivot_longer,216329716502
3,1,31622,126493,tidyr::pivot_longer,208000703841
3,1,31622,126493,tidyr::pivot_longer,223852569820
3,1,31622,126493,tidyr::pivot_longer,210168492781
3,1,31622,126493,tidyr::pivot_longer,208701390422
3,1,31622,126493,tidyr::pivot_longer,225024436479
3,1,31622,126493,tidyr::pivot_longer,195267460311
3,1,31622,126493,tidyr::pivot_longer,218244448516
3,1,31622,126493,tidyr::pivot_longer,254520115271
3,1,31622,126493,tidyr::pivot_longer,190771305127
3,1,100000,400005,nc::capture_melt_multiple,12493868505
3,1,100000,400005,nc::capture_melt_multiple,12617162799
3,1,100000,400005,nc::capture_melt_multiple,12600674199
3,1,100000,400005,nc::capture_melt_multiple,12269182058
3,1,100000,400005,nc::capture_melt_multiple,12526245163
3,1,100000,400005,nc::capture_melt_multiple,12666302343
3,1,100000,400005,nc::capture_melt_multiple,12550841401
3,1,100000,400005,nc::capture_melt_multiple,12473813867
3,1,100000,400005,nc::capture_melt_multiple,12292764239
3,1,100000,400005,nc::capture_melt_multiple,12474056072
3,1,100000,400005,tidyr::pivot_longer,4379942384538
3,1,100000,400005,tidyr::pivot_longer,3991502092915
3,1,100000,400005,tidyr::pivot_longer,4323844488487
3,1,100000,400005,tidyr::pivot_longer,3340697419530
3,1,100000,400005,tidyr::pivot_longer,4030831587421
3,1,100000,400005,tidyr::pivot_longer,4006432716838
3,1,100000,400005,tidyr::pivot_longer,2683990138857
3,1,100000,400005,tidyr::pivot_longer,4081271655123
3,1,100000,400005,tidyr::pivot_longer,2929662812655
3,1,100000,400005,tidyr::pivot_longer,3459955206366
