N.rep,data.type,N.col,expr,time
1,data.table,88,data.table::melt-4,2791560
1,data.table,88,nc::capture_melt_single-0,4171080
1,data.table,88,data.table::melt-0,643400
1,data.table,88,stats::reshape-0,67400920
1,data.table,88,stats::reshape-4,92720680
1,data.table,88,tidyr::pivot_longer-0,10751600
1,data.table,88,tidyr::pivot_longer-4,11365520
1,data.table,88,nc::capture_melt_single-4,4161760
1,data.table,88,tidyr::pivot_longer-4,11958120
1,data.table,88,reshape2::melt-0,4106280
1,data.table,88,cdata::unpivot_to_blocks-4,36596800
1,data.table,88,tidyr::gather-0,7566800
1,data.table,88,data.table::melt-4,2941120
1,data.table,88,nc::capture_melt_single-4,4075760
1,data.table,88,reshape2::melt-4,12878120
1,data.table,88,utils::stack-4,13299720
1,data.table,88,reshape2::melt-0,3739040
1,data.table,88,cdata::unpivot_to_blocks-0,27787560
1,data.table,88,nc::capture_melt_single-0,3521680
1,data.table,88,tidyr::gather-4,16654840
1,data.table,88,nc::capture_melt_single-4,4134240
1,data.table,88,utils::stack-0,15519800
1,data.table,88,tidyfast::dt_pivot_longer-4,22194240
1,data.table,88,reshape2::melt-4,15726200
1,data.table,88,tidyfast::dt_pivot_longer-0,739000
1,data.table,88,cdata::unpivot_to_blocks-0,27161680
1,data.table,88,tidyfast::dt_pivot_longer-4,22434880
1,data.table,88,stats::reshape-4,77848040
1,data.table,88,reshape2::melt-0,3530840
1,data.table,88,utils::stack-4,12746760
1,data.table,88,nc::capture_melt_single-4,3937680
1,data.table,88,cdata::unpivot_to_blocks-0,25807760
1,data.table,88,cdata::unpivot_to_blocks-4,34905440
1,data.table,88,utils::stack-0,4371720
1,data.table,88,tidyfast::dt_pivot_longer-0,734720
1,data.table,88,cdata::unpivot_to_blocks-4,34872520
1,data.table,88,cdata::unpivot_to_blocks-4,36082000
1,data.table,88,data.table::melt-0,764720
1,data.table,88,utils::stack-0,3305680
1,data.table,88,utils::stack-0,3196200
1,data.table,88,tidyr::pivot_longer-0,10981880
1,data.table,88,reshape2::melt-4,13381040
1,data.table,88,utils::stack-4,13503760
1,data.table,88,reshape2::melt-4,24473720
1,data.table,88,utils::stack-0,3403400
1,data.table,88,reshape2::melt-0,3896840
1,data.table,88,cdata::unpivot_to_blocks-0,26005760
1,data.table,88,stats::reshape-4,78133000
1,data.table,88,utils::stack-4,12557920
1,data.table,88,reshape2::melt-4,12456520
1,data.table,88,tidyr::pivot_longer-4,11304240
1,data.table,88,tidyr::gather-4,17098520
1,data.table,88,tidyr::gather-4,16320800
1,data.table,88,stats::reshape-4,76722520
1,data.table,88,tidyr::pivot_longer-4,12024880
1,data.table,88,data.table::melt-4,2392760
1,data.table,88,tidyr::gather-4,16486480
1,data.table,88,tidyfast::dt_pivot_longer-4,22931560
1,data.table,88,tidyr::gather-0,7324520
1,data.table,88,data.table::melt-0,755160
1,data.table,88,reshape2::melt-4,12691040
1,data.table,88,tidyr::pivot_longer-0,10474600
1,data.table,88,stats::reshape-0,82275520
1,data.table,88,nc::capture_melt_single-0,3330320
1,data.table,88,nc::capture_melt_single-0,3193840
1,data.table,88,tidyr::pivot_longer-4,11085560
1,data.table,88,tidyfast::dt_pivot_longer-0,687080
1,data.table,88,tidyr::pivot_longer-4,11307360
1,data.table,88,reshape2::melt-4,13866960
1,data.table,88,stats::reshape-0,68688920
1,data.table,88,reshape2::melt-0,3581320
1,data.table,88,stats::reshape-4,78309400
1,data.table,88,cdata::unpivot_to_blocks-4,34593960
1,data.table,88,stats::reshape-0,84243680
1,data.table,88,tidyfast::dt_pivot_longer-4,22314320
1,data.table,88,data.table::melt-0,895880
1,data.table,88,utils::stack-0,4022440
1,data.table,88,nc::capture_melt_single-0,3416680
1,data.table,88,cdata::unpivot_to_blocks-4,34888640
1,data.table,88,reshape2::melt-0,3534960
1,data.table,88,reshape2::melt-4,12310360
1,data.table,88,tidyr::pivot_longer-4,11224800
1,data.table,88,nc::capture_melt_single-0,3416360
1,data.table,88,tidyfast::dt_pivot_longer-0,630920
1,data.table,88,tidyfast::dt_pivot_longer-4,22340080
1,data.table,88,tidyfast::dt_pivot_longer-0,834800
1,data.table,88,tidyr::gather-0,8217680
1,data.table,88,data.table::melt-4,2422320
1,data.table,88,data.table::melt-4,2291640
1,data.table,88,tidyr::gather-0,7238920
1,data.table,88,stats::reshape-0,69573760
1,data.table,88,tidyfast::dt_pivot_longer-0,666600
1,data.table,88,utils::stack-4,12997880
1,data.table,88,utils::stack-4,13874240
1,data.table,88,tidyr::gather-4,16587440
1,data.table,88,tidyfast::dt_pivot_longer-4,23300480
1,data.table,88,data.table::melt-0,758920
1,data.table,88,tidyfast::dt_pivot_longer-4,22667680
1,data.table,88,nc::capture_melt_single-0,3467720
1,data.table,88,cdata::unpivot_to_blocks-4,47673280
1,data.table,88,tidyr::gather-0,7220600
1,data.table,88,reshape2::melt-4,12358600
1,data.table,88,nc::capture_melt_single-0,3430840
1,data.table,88,cdata::unpivot_to_blocks-4,34253680
1,data.table,88,nc::capture_melt_single-0,3466600
1,data.table,88,nc::capture_melt_single-4,3889440
1,data.table,88,nc::capture_melt_single-4,3814320
1,data.table,88,tidyr::pivot_longer-0,11864920
1,data.table,88,data.table::melt-4,2384040
1,data.table,88,tidyr::pivot_longer-4,11243760
1,data.table,88,reshape2::melt-4,12704080
1,data.table,88,cdata::unpivot_to_blocks-0,25648720
1,data.table,88,tidyr::gather-0,7186920
1,data.table,88,tidyr::pivot_longer-0,10420000
1,data.table,88,tidyr::pivot_longer-0,10567800
1,data.table,88,tidyr::gather-4,16788680
1,data.table,88,tidyr::pivot_longer-0,10626440
1,data.table,88,utils::stack-0,3311880
1,data.table,88,data.table::melt-0,677440
1,data.table,88,data.table::melt-4,2391240
1,data.table,88,stats::reshape-4,76503320
1,data.table,88,data.table::melt-0,756480
1,data.table,88,tidyr::pivot_longer-4,12470560
1,data.table,88,utils::stack-0,3316280
1,data.table,88,data.table::melt-0,674120
1,data.table,88,cdata::unpivot_to_blocks-4,35319960
1,data.table,88,nc::capture_melt_single-4,4151240
1,data.table,88,cdata::unpivot_to_blocks-0,37853960
1,data.table,88,reshape2::melt-0,3565680
1,data.table,88,utils::stack-4,13566560
1,data.table,88,stats::reshape-4,77541040
1,data.table,88,tidyfast::dt_pivot_longer-4,23440000
1,data.table,88,stats::reshape-0,67396800
1,data.table,88,tidyr::pivot_longer-0,10443880
1,data.table,88,tidyfast::dt_pivot_longer-0,683080
1,data.table,88,cdata::unpivot_to_blocks-0,27078840
1,data.table,88,tidyr::gather-0,10437560
1,data.table,88,stats::reshape-0,67771400
1,data.table,88,stats::reshape-0,81536840
1,data.table,88,stats::reshape-0,69619480
1,data.table,88,tidyfast::dt_pivot_longer-0,671480
1,data.table,88,nc::capture_melt_single-4,3987680
1,data.table,88,tidyfast::dt_pivot_longer-0,632320
1,data.table,88,tidyr::pivot_longer-0,10581320
1,data.table,88,tidyr::gather-4,15994760
1,data.table,88,utils::stack-4,12750280
1,data.table,88,stats::reshape-0,75075000
1,data.table,88,cdata::unpivot_to_blocks-0,26309640
1,data.table,88,tidyr::pivot_longer-0,12498320
1,data.table,88,nc::capture_melt_single-4,5106800
1,data.table,88,tidyfast::dt_pivot_longer-4,27104080
1,data.table,88,nc::capture_melt_single-4,5766880
1,data.table,88,tidyr::gather-4,32924360
1,data.table,88,tidyfast::dt_pivot_longer-4,25566280
1,data.table,88,utils::stack-4,19895600
1,data.table,88,stats::reshape-4,92959440
1,data.table,88,reshape2::melt-0,3721360
1,data.table,88,data.table::melt-0,802840
1,data.table,88,stats::reshape-4,91883640
1,data.table,88,cdata::unpivot_to_blocks-0,28711280
1,data.table,88,tidyr::pivot_longer-4,15813240
1,data.table,88,tidyr::gather-0,7367680
1,data.table,88,utils::stack-0,3435680
1,data.table,88,stats::reshape-4,79202840
1,data.table,88,data.table::melt-4,14880920
1,data.table,88,utils::stack-4,12618320
1,data.table,88,reshape2::melt-0,3529240
1,data.table,88,cdata::unpivot_to_blocks-4,34496040
1,data.table,88,cdata::unpivot_to_blocks-0,25990640
1,data.table,88,tidyr::gather-4,15903120
1,data.table,88,utils::stack-0,3355840
1,data.table,88,reshape2::melt-0,3523200
1,data.table,88,tidyr::gather-4,15928360
1,data.table,88,data.table::melt-0,775000
1,data.table,88,data.table::melt-4,2242760
1,data.table,88,tidyr::gather-0,7127840
1,data.table,88,nc::capture_melt_single-0,3434080
1,data.table,88,tidyr::gather-0,7126280
1,data.table,88,data.table::melt-4,2370920
1,data.table,88,tidyfast::dt_pivot_longer-0,624360
3,data.table,172,reshape2::melt-0,6803240
3,data.table,172,cdata::unpivot_to_blocks-4,49024120
3,data.table,172,tidyfast::dt_pivot_longer-4,30795160
3,data.table,172,tidyr::pivot_longer-4,12565200
3,data.table,172,tidyr::gather-0,10970840
3,data.table,172,stats::reshape-0,133411800
3,data.table,172,stats::reshape-0,149451560
3,data.table,172,data.table::melt-0,868320
3,data.table,172,stats::reshape-4,149561320
3,data.table,172,tidyr::pivot_longer-0,11530080
3,data.table,172,tidyr::pivot_longer-0,12626680
3,data.table,172,cdata::unpivot_to_blocks-0,37046480
3,data.table,172,tidyr::pivot_longer-4,13135600
3,data.table,172,data.table::melt-4,2626480
3,data.table,172,stats::reshape-4,165349320
3,data.table,172,utils::stack-4,22667960
3,data.table,172,data.table::melt-4,2665360
3,data.table,172,nc::capture_melt_single-4,4794960
3,data.table,172,tidyr::pivot_longer-0,11466680
3,data.table,172,tidyfast::dt_pivot_longer-0,1025040
3,data.table,172,nc::capture_melt_single-4,5111160
3,data.table,172,data.table::melt-0,794520
3,data.table,172,tidyr::gather-4,28739960
3,data.table,172,utils::stack-0,5662280
3,data.table,172,data.table::melt-0,895200
3,data.table,172,data.table::melt-4,2508800
3,data.table,172,utils::stack-0,4803520
3,data.table,172,utils::stack-0,5216360
3,data.table,172,tidyr::pivot_longer-0,11755720
3,data.table,172,cdata::unpivot_to_blocks-4,49564680
3,data.table,172,cdata::unpivot_to_blocks-4,50558880
3,data.table,172,nc::capture_melt_single-4,5034240
3,data.table,172,reshape2::melt-4,24334720
3,data.table,172,utils::stack-0,4899360
3,data.table,172,tidyr::pivot_longer-0,11450200
3,data.table,172,reshape2::melt-4,25203080
3,data.table,172,tidyfast::dt_pivot_longer-4,43134320
3,data.table,172,reshape2::melt-4,26631520
3,data.table,172,cdata::unpivot_to_blocks-0,32446760
3,data.table,172,tidyr::gather-4,28288000
3,data.table,172,stats::reshape-4,152791840
3,data.table,172,tidyr::pivot_longer-0,11466920
3,data.table,172,utils::stack-0,5153520
3,data.table,172,tidyr::pivot_longer-4,13479200
3,data.table,172,tidyr::gather-4,29045560
3,data.table,172,cdata::unpivot_to_blocks-0,32691480
3,data.table,172,data.table::melt-4,2772520
3,data.table,172,tidyr::pivot_longer-4,26884680
3,data.table,172,stats::reshape-0,135245840
3,data.table,172,cdata::unpivot_to_blocks-0,32260640
3,data.table,172,tidyr::pivot_longer-0,11720400
3,data.table,172,data.table::melt-0,910880
3,data.table,172,tidyfast::dt_pivot_longer-0,788360
3,data.table,172,reshape2::melt-4,24794080
3,data.table,172,tidyfast::dt_pivot_longer-4,30645880
3,data.table,172,reshape2::melt-0,6778920
3,data.table,172,cdata::unpivot_to_blocks-4,48698720
3,data.table,172,tidyr::gather-0,12105080
3,data.table,172,utils::stack-4,24269800
3,data.table,172,tidyfast::dt_pivot_longer-4,42956480
3,data.table,172,nc::capture_melt_single-4,4962760
3,data.table,172,stats::reshape-0,136992880
3,data.table,172,utils::stack-4,22380320
3,data.table,172,reshape2::melt-4,23918560
3,data.table,172,utils::stack-0,4899080
3,data.table,172,nc::capture_melt_single-0,4107320
3,data.table,172,tidyr::gather-4,27867640
3,data.table,172,tidyr::gather-0,12009680
3,data.table,172,data.table::melt-4,2846760
3,data.table,172,tidyr::gather-0,11050360
3,data.table,172,tidyfast::dt_pivot_longer-0,947200
3,data.table,172,stats::reshape-4,165983040
3,data.table,172,utils::stack-4,23642200
3,data.table,172,data.table::melt-4,2738120
3,data.table,172,reshape2::melt-0,6716280
3,data.table,172,tidyr::gather-4,27868440
3,data.table,172,cdata::unpivot_to_blocks-0,31728720
3,data.table,172,tidyfast::dt_pivot_longer-4,31657840
3,data.table,172,stats::reshape-4,151958880
3,data.table,172,reshape2::melt-0,19031760
3,data.table,172,stats::reshape-4,152959520
3,data.table,172,cdata::unpivot_to_blocks-0,31936000
3,data.table,172,nc::capture_melt_single-0,4380560
3,data.table,172,tidyfast::dt_pivot_longer-0,871880
3,data.table,172,tidyr::gather-4,28063360
3,data.table,172,stats::reshape-4,171245960
3,data.table,172,utils::stack-4,22602240
3,data.table,172,tidyr::pivot_longer-4,13837200
3,data.table,172,utils::stack-4,22595080
3,data.table,172,cdata::unpivot_to_blocks-4,49119800
3,data.table,172,tidyfast::dt_pivot_longer-0,966120
3,data.table,172,tidyfast::dt_pivot_longer-4,31344560
3,data.table,172,nc::capture_melt_single-0,4377280
3,data.table,172,reshape2::melt-0,6820920
3,data.table,172,reshape2::melt-4,25134720
3,data.table,172,tidyr::pivot_longer-4,12670720
3,data.table,172,tidyr::pivot_longer-0,11473240
3,data.table,172,data.table::melt-4,2740160
3,data.table,172,tidyr::gather-4,29398480
3,data.table,172,tidyfast::dt_pivot_longer-4,34523640
3,data.table,172,utils::stack-0,4891280
3,data.table,172,tidyr::pivot_longer-0,11557640
3,data.table,172,tidyr::gather-0,11041120
3,data.table,172,stats::reshape-0,150509400
3,data.table,172,tidyr::pivot_longer-4,12779640
3,data.table,172,utils::stack-4,22818600
3,data.table,172,cdata::unpivot_to_blocks-0,31826840
3,data.table,172,stats::reshape-0,141401600
3,data.table,172,nc::capture_melt_single-0,4409120
3,data.table,172,cdata::unpivot_to_blocks-4,62740880
3,data.table,172,reshape2::melt-0,6751600
3,data.table,172,cdata::unpivot_to_blocks-0,33674120
3,data.table,172,nc::capture_melt_single-4,5094680
3,data.table,172,data.table::melt-4,2641000
3,data.table,172,reshape2::melt-4,24009760
3,data.table,172,nc::capture_melt_single-0,4274720
3,data.table,172,tidyr::gather-0,10987000
3,data.table,172,reshape2::melt-4,24136760
3,data.table,172,utils::stack-0,5558840
3,data.table,172,tidyr::gather-0,11865560
3,data.table,172,tidyr::pivot_longer-4,12888880
3,data.table,172,tidyfast::dt_pivot_longer-0,916320
3,data.table,172,nc::capture_melt_single-0,4183680
3,data.table,172,nc::capture_melt_single-0,4046320
3,data.table,172,cdata::unpivot_to_blocks-0,31790080
3,data.table,172,data.table::melt-0,1000440
3,data.table,172,cdata::unpivot_to_blocks-4,50653840
3,data.table,172,nc::capture_melt_single-0,4421560
3,data.table,172,tidyfast::dt_pivot_longer-0,981120
3,data.table,172,stats::reshape-0,321800160
3,data.table,172,cdata::unpivot_to_blocks-0,32006200
3,data.table,172,data.table::melt-0,955600
3,data.table,172,tidyr::gather-0,10971760
3,data.table,172,data.table::melt-4,2925640
3,data.table,172,tidyr::gather-0,12393480
3,data.table,172,utils::stack-0,5032200
3,data.table,172,tidyfast::dt_pivot_longer-4,31196800
3,data.table,172,tidyr::pivot_longer-4,12618080
3,data.table,172,stats::reshape-4,170873960
3,data.table,172,utils::stack-4,22462520
3,data.table,172,reshape2::melt-4,23772880
3,data.table,172,tidyr::gather-4,27756080
3,data.table,172,tidyr::gather-4,28941160
3,data.table,172,tidyfast::dt_pivot_longer-0,942440
3,data.table,172,data.table::melt-4,2578640
3,data.table,172,nc::capture_melt_single-4,5022920
3,data.table,172,nc::capture_melt_single-4,4854600
3,data.table,172,stats::reshape-0,134807520
3,data.table,172,cdata::unpivot_to_blocks-4,51815360
3,data.table,172,cdata::unpivot_to_blocks-4,49990200
3,data.table,172,reshape2::melt-0,6870360
3,data.table,172,nc::capture_melt_single-4,5107240
3,data.table,172,cdata::unpivot_to_blocks-4,63628520
3,data.table,172,stats::reshape-0,134041240
3,data.table,172,stats::reshape-0,136714720
3,data.table,172,stats::reshape-4,168190000
3,data.table,172,data.table::melt-0,820600
3,data.table,172,tidyr::pivot_longer-4,12748160
3,data.table,172,stats::reshape-4,153408560
3,data.table,172,tidyfast::dt_pivot_longer-0,920240
3,data.table,172,tidyfast::dt_pivot_longer-4,43749320
3,data.table,172,reshape2::melt-0,7078760
3,data.table,172,tidyfast::dt_pivot_longer-4,31342280
3,data.table,172,utils::stack-4,22773480
3,data.table,172,tidyr::pivot_longer-0,11590840
3,data.table,172,data.table::melt-0,862760
3,data.table,172,reshape2::melt-0,6743360
3,data.table,172,nc::capture_melt_single-4,5052760
3,data.table,172,tidyfast::dt_pivot_longer-0,822360
3,data.table,172,nc::capture_melt_single-0,4049640
3,data.table,172,data.table::melt-0,780800
3,data.table,172,utils::stack-0,4818400
3,data.table,172,tidyr::gather-0,11191560
3,data.table,172,nc::capture_melt_single-0,5104320
3,data.table,172,utils::stack-4,23761360
3,data.table,172,tidyr::gather-4,28548640
3,data.table,172,reshape2::melt-0,6661920
3,data.table,172,reshape2::melt-4,24708560
3,data.table,172,nc::capture_melt_single-4,5127720
3,data.table,172,data.table::melt-0,807120
10,data.table,466,data.table::melt-0,1568560
10,data.table,466,reshape2::melt-4,64133720
10,data.table,466,tidyr::gather-0,24291120
10,data.table,466,tidyr::gather-4,73838120
10,data.table,466,stats::reshape-4,428898360
10,data.table,466,tidyr::gather-0,24475760
10,data.table,466,utils::stack-4,58093760
10,data.table,466,data.table::melt-4,3728760
10,data.table,466,tidyr::gather-0,24313760
10,data.table,466,tidyr::gather-0,24533200
10,data.table,466,tidyfast::dt_pivot_longer-4,73701080
10,data.table,466,utils::stack-0,10255880
10,data.table,466,utils::stack-0,10264000
10,data.table,466,stats::reshape-0,380993320
10,data.table,466,stats::reshape-4,425352080
10,data.table,466,utils::stack-0,10291640
10,data.table,466,nc::capture_melt_single-0,7008600
10,data.table,466,tidyr::pivot_longer-0,15757560
10,data.table,466,cdata::unpivot_to_blocks-0,69061840
10,data.table,466,data.table::melt-0,1461800
10,data.table,466,tidyr::pivot_longer-4,17495880
10,data.table,466,tidyfast::dt_pivot_longer-4,60980720
10,data.table,466,cdata::unpivot_to_blocks-0,54493640
10,data.table,466,tidyfast::dt_pivot_longer-4,61414680
10,data.table,466,data.table::melt-4,3762560
10,data.table,466,stats::reshape-4,426308280
10,data.table,466,data.table::melt-0,1418640
10,data.table,466,nc::capture_melt_single-4,8221760
10,data.table,466,nc::capture_melt_single-0,7105680
10,data.table,466,tidyr::gather-4,69945520
10,data.table,466,reshape2::melt-4,64754240
10,data.table,466,tidyr::pivot_longer-4,31806800
10,data.table,466,utils::stack-0,10121680
10,data.table,466,reshape2::melt-4,64271760
10,data.table,466,tidyr::pivot_longer-4,17702840
10,data.table,466,reshape2::melt-0,17840920
10,data.table,466,tidyr::pivot_longer-4,17659880
10,data.table,466,data.table::melt-4,3711880
10,data.table,466,tidyr::gather-0,24015800
10,data.table,466,tidyr::gather-4,69912520
10,data.table,466,nc::capture_melt_single-4,8383120
10,data.table,466,utils::stack-4,57743760
10,data.table,466,stats::reshape-0,424513480
10,data.table,466,utils::stack-4,57142520
10,data.table,466,tidyfast::dt_pivot_longer-4,60443080
10,data.table,466,stats::reshape-0,387239640
10,data.table,466,tidyr::gather-4,71086040
10,data.table,466,reshape2::melt-0,18014040
10,data.table,466,cdata::unpivot_to_blocks-4,101087040
10,data.table,466,tidyr::pivot_longer-0,16065280
10,data.table,466,cdata::unpivot_to_blocks-4,117217560
10,data.table,466,cdata::unpivot_to_blocks-0,54748880
10,data.table,466,reshape2::melt-4,64119720
10,data.table,466,data.table::melt-0,1441400
10,data.table,466,utils::stack-4,57210960
10,data.table,466,data.table::melt-0,1483080
10,data.table,466,reshape2::melt-4,64326000
10,data.table,466,tidyr::gather-0,24329480
10,data.table,466,stats::reshape-0,387925360
10,data.table,466,cdata::unpivot_to_blocks-4,117601760
10,data.table,466,tidyfast::dt_pivot_longer-0,1755720
10,data.table,466,data.table::melt-0,1401680
10,data.table,466,tidyr::gather-0,24293600
10,data.table,466,tidyfast::dt_pivot_longer-4,60575040
10,data.table,466,tidyr::pivot_longer-0,16383320
10,data.table,466,data.table::melt-4,3918040
10,data.table,466,data.table::melt-0,1577040
10,data.table,466,tidyr::gather-4,71978360
10,data.table,466,utils::stack-0,10432160
10,data.table,466,nc::capture_melt_single-0,7220960
10,data.table,466,tidyr::pivot_longer-4,17909440
10,data.table,466,tidyr::pivot_longer-0,16064040
10,data.table,466,data.table::melt-4,3961120
10,data.table,466,tidyfast::dt_pivot_longer-0,1628160
10,data.table,466,reshape2::melt-0,18378520
10,data.table,466,stats::reshape-0,409304080
10,data.table,466,tidyr::pivot_longer-4,18265680
10,data.table,466,tidyfast::dt_pivot_longer-0,1691280
10,data.table,466,nc::capture_melt_single-0,7402120
10,data.table,466,data.table::melt-4,3833360
10,data.table,466,nc::capture_melt_single-0,7177080
10,data.table,466,tidyr::pivot_longer-0,16074640
10,data.table,466,reshape2::melt-0,18129280
10,data.table,466,tidyr::pivot_longer-4,18059280
10,data.table,466,nc::capture_melt_single-4,8885880
10,data.table,466,reshape2::melt-0,18239680
10,data.table,466,reshape2::melt-0,18205480
10,data.table,466,tidyr::pivot_longer-0,16322480
10,data.table,466,cdata::unpivot_to_blocks-0,78875160
10,data.table,466,tidyfast::dt_pivot_longer-0,1634920
10,data.table,466,tidyfast::dt_pivot_longer-0,1430520
10,data.table,466,utils::stack-0,10188240
10,data.table,466,cdata::unpivot_to_blocks-0,54595040
10,data.table,466,tidyr::pivot_longer-4,18194120
10,data.table,466,nc::capture_melt_single-4,8570560
10,data.table,466,stats::reshape-4,436142120
10,data.table,466,utils::stack-4,58519320
10,data.table,466,reshape2::melt-4,65226520
10,data.table,466,utils::stack-0,10418320
10,data.table,466,tidyr::gather-0,40216800
10,data.table,466,cdata::unpivot_to_blocks-4,104376800
10,data.table,466,reshape2::melt-4,66582200
10,data.table,466,tidyfast::dt_pivot_longer-4,60906080
10,data.table,466,utils::stack-4,58192760
10,data.table,466,tidyfast::dt_pivot_longer-0,1618960
10,data.table,466,tidyr::pivot_longer-4,17655840
10,data.table,466,stats::reshape-4,446441800
10,data.table,466,tidyr::gather-4,72233400
10,data.table,466,nc::capture_melt_single-0,7339200
10,data.table,466,stats::reshape-0,407392720
10,data.table,466,tidyr::pivot_longer-0,16067200
10,data.table,466,stats::reshape-0,397323800
10,data.table,466,tidyr::gather-4,71460040
10,data.table,466,nc::capture_melt_single-4,8859280
10,data.table,466,cdata::unpivot_to_blocks-0,55356800
10,data.table,466,reshape2::melt-4,81376080
10,data.table,466,utils::stack-4,58723920
10,data.table,466,stats::reshape-0,397979840
10,data.table,466,cdata::unpivot_to_blocks-4,102609240
10,data.table,466,reshape2::melt-0,18527880
10,data.table,466,utils::stack-0,10639560
10,data.table,466,reshape2::melt-0,18479200
10,data.table,466,cdata::unpivot_to_blocks-0,82607600
10,data.table,466,nc::capture_melt_single-4,8708960
10,data.table,466,data.table::melt-4,3670040
10,data.table,466,nc::capture_melt_single-0,7356120
10,data.table,466,cdata::unpivot_to_blocks-4,102589080
10,data.table,466,tidyr::gather-4,71110400
10,data.table,466,data.table::melt-0,1504920
10,data.table,466,data.table::melt-4,3707680
10,data.table,466,cdata::unpivot_to_blocks-0,55558520
10,data.table,466,utils::stack-0,10795520
10,data.table,466,cdata::unpivot_to_blocks-0,61639400
10,data.table,466,utils::stack-4,62732520
10,data.table,466,stats::reshape-4,653132080
10,data.table,466,nc::capture_melt_single-0,7237960
10,data.table,466,nc::capture_melt_single-4,8377280
10,data.table,466,tidyfast::dt_pivot_longer-4,59798840
10,data.table,466,data.table::melt-4,3753680
10,data.table,466,tidyr::pivot_longer-4,18677320
10,data.table,466,tidyr::gather-0,24344120
10,data.table,466,data.table::melt-0,1483800
10,data.table,466,utils::stack-4,57132000
10,data.table,466,utils::stack-4,57797320
10,data.table,466,cdata::unpivot_to_blocks-4,101758400
10,data.table,466,cdata::unpivot_to_blocks-4,101314240
10,data.table,466,stats::reshape-0,395044760
10,data.table,466,tidyr::pivot_longer-0,15578880
10,data.table,466,stats::reshape-4,432044240
10,data.table,466,tidyr::gather-0,24819520
10,data.table,466,nc::capture_melt_single-0,7460480
10,data.table,466,tidyfast::dt_pivot_longer-0,1498640
10,data.table,466,cdata::unpivot_to_blocks-4,101635560
10,data.table,466,stats::reshape-4,441248240
10,data.table,466,cdata::unpivot_to_blocks-0,54770480
10,data.table,466,tidyfast::dt_pivot_longer-0,1666000
10,data.table,466,tidyr::gather-4,69781320
10,data.table,466,tidyfast::dt_pivot_longer-4,60893720
10,data.table,466,tidyfast::dt_pivot_longer-4,60432040
10,data.table,466,nc::capture_melt_single-0,7322280
10,data.table,466,cdata::unpivot_to_blocks-4,101064720
10,data.table,466,tidyr::pivot_longer-0,16045440
10,data.table,466,tidyfast::dt_pivot_longer-0,1547840
10,data.table,466,reshape2::melt-0,41249160
10,data.table,466,nc::capture_melt_single-4,8711800
10,data.table,466,reshape2::melt-4,64520600
10,data.table,466,stats::reshape-0,387969920
10,data.table,466,nc::capture_melt_single-4,8383160
10,data.table,466,tidyr::pivot_longer-0,15776560
10,data.table,466,data.table::melt-0,1394720
10,data.table,466,tidyfast::dt_pivot_longer-4,60303640
10,data.table,466,reshape2::melt-4,64496040
10,data.table,466,tidyr::gather-4,71087240
10,data.table,466,stats::reshape-4,446518800
10,data.table,466,tidyfast::dt_pivot_longer-0,1690600
10,data.table,466,utils::stack-0,10738720
10,data.table,466,reshape2::melt-0,18224080
10,data.table,466,stats::reshape-4,435400480
10,data.table,466,data.table::melt-4,3711360
10,data.table,466,nc::capture_melt_single-4,8269080
31,data.table,1348,tidyr::gather-0,64448120
31,data.table,1348,tidyfast::dt_pivot_longer-0,3956960
31,data.table,1348,cdata::unpivot_to_blocks-4,273579280
31,data.table,1348,tidyr::pivot_longer-4,35249600
31,data.table,1348,tidyfast::dt_pivot_longer-0,3840600
31,data.table,1348,tidyfast::dt_pivot_longer-0,3572040
31,data.table,1348,stats::reshape-0,1160733600
31,data.table,1348,cdata::unpivot_to_blocks-4,471897160
31,data.table,1348,stats::reshape-0,1134915680
31,data.table,1348,reshape2::melt-4,202427640
31,data.table,1348,tidyr::pivot_longer-0,29138680
31,data.table,1348,cdata::unpivot_to_blocks-4,267753080
31,data.table,1348,data.table::melt-0,3025160
31,data.table,1348,cdata::unpivot_to_blocks-4,283435800
31,data.table,1348,reshape2::melt-4,186494200
31,data.table,1348,tidyfast::dt_pivot_longer-0,3725480
31,data.table,1348,nc::capture_melt_single-4,19290480
31,data.table,1348,cdata::unpivot_to_blocks-0,130525280
31,data.table,1348,tidyr::gather-4,211585600
31,data.table,1348,utils::stack-4,162885040
31,data.table,1348,tidyr::gather-0,64170880
31,data.table,1348,utils::stack-0,26361440
31,data.table,1348,nc::capture_melt_single-0,16365960
31,data.table,1348,reshape2::melt-4,201941360
31,data.table,1348,utils::stack-4,163304960
31,data.table,1348,data.table::melt-4,6935720
31,data.table,1348,cdata::unpivot_to_blocks-0,129443600
31,data.table,1348,reshape2::melt-0,51901800
31,data.table,1348,utils::stack-0,40755320
31,data.table,1348,stats::reshape-0,1187177760
31,data.table,1348,tidyr::pivot_longer-0,28946720
31,data.table,1348,stats::reshape-0,1354531720
31,data.table,1348,stats::reshape-0,1170830920
31,data.table,1348,data.table::melt-0,2982520
31,data.table,1348,stats::reshape-0,1373360520
31,data.table,1348,data.table::melt-4,6954960
31,data.table,1348,data.table::melt-0,3002080
31,data.table,1348,tidyfast::dt_pivot_longer-4,154029200
31,data.table,1348,tidyfast::dt_pivot_longer-0,4008600
31,data.table,1348,data.table::melt-4,7418560
31,data.table,1348,data.table::melt-4,7383680
31,data.table,1348,reshape2::melt-4,189628960
31,data.table,1348,stats::reshape-4,1319617440
31,data.table,1348,tidyfast::dt_pivot_longer-4,151776800
31,data.table,1348,data.table::melt-0,3073760
31,data.table,1348,tidyfast::dt_pivot_longer-4,153815000
31,data.table,1348,cdata::unpivot_to_blocks-4,307214320
31,data.table,1348,tidyr::pivot_longer-4,37387680
31,data.table,1348,tidyr::gather-0,70801640
31,data.table,1348,tidyr::pivot_longer-4,36175560
31,data.table,1348,tidyr::pivot_longer-0,30614600
31,data.table,1348,reshape2::melt-4,202544280
31,data.table,1348,cdata::unpivot_to_blocks-4,271454800
31,data.table,1348,nc::capture_melt_single-4,20739720
31,data.table,1348,cdata::unpivot_to_blocks-4,285179680
31,data.table,1348,tidyr::pivot_longer-0,30388280
31,data.table,1348,nc::capture_melt_single-4,19421200
31,data.table,1348,reshape2::melt-4,188861520
31,data.table,1348,tidyfast::dt_pivot_longer-4,155206240
31,data.table,1348,stats::reshape-0,1188794960
31,data.table,1348,nc::capture_melt_single-4,19497320
31,data.table,1348,data.table::melt-0,3705120
31,data.table,1348,tidyr::pivot_longer-4,34570000
31,data.table,1348,utils::stack-0,26768800
31,data.table,1348,data.table::melt-0,2951440
31,data.table,1348,tidyfast::dt_pivot_longer-0,3610640
31,data.table,1348,data.table::melt-4,7232960
31,data.table,1348,tidyr::pivot_longer-4,34727520
31,data.table,1348,cdata::unpivot_to_blocks-0,326141080
31,data.table,1348,nc::capture_melt_single-4,19221480
31,data.table,1348,nc::capture_melt_single-0,16524640
31,data.table,1348,tidyr::pivot_longer-4,33705640
31,data.table,1348,nc::capture_melt_single-4,19667280
31,data.table,1348,data.table::melt-0,3028600
31,data.table,1348,tidyfast::dt_pivot_longer-4,150220920
31,data.table,1348,tidyr::gather-0,79596160
31,data.table,1348,data.table::melt-4,7083440
31,data.table,1348,nc::capture_melt_single-0,16385600
31,data.table,1348,cdata::unpivot_to_blocks-0,130199480
31,data.table,1348,reshape2::melt-4,187885280
31,data.table,1348,tidyfast::dt_pivot_longer-0,3693240
31,data.table,1348,reshape2::melt-0,64745280
31,data.table,1348,stats::reshape-4,1269246440
31,data.table,1348,stats::reshape-4,1302996840
31,data.table,1348,tidyr::pivot_longer-4,49889240
31,data.table,1348,data.table::melt-4,17508240
31,data.table,1348,tidyfast::dt_pivot_longer-4,199694040
31,data.table,1348,nc::capture_melt_single-0,17023040
31,data.table,1348,data.table::melt-0,3276400
31,data.table,1348,tidyr::gather-4,199898240
31,data.table,1348,reshape2::melt-4,188122000
31,data.table,1348,data.table::melt-4,7501560
31,data.table,1348,tidyr::pivot_longer-0,30401040
31,data.table,1348,stats::reshape-0,1360148160
31,data.table,1348,tidyr::gather-0,79169560
31,data.table,1348,nc::capture_melt_single-0,16605920
31,data.table,1348,tidyr::gather-0,64221520
31,data.table,1348,stats::reshape-4,1289298640
31,data.table,1348,reshape2::melt-0,52466560
31,data.table,1348,utils::stack-0,26794720
31,data.table,1348,data.table::melt-0,2999680
31,data.table,1348,data.table::melt-4,21913440
31,data.table,1348,tidyr::gather-4,203733920
31,data.table,1348,utils::stack-0,26642560
31,data.table,1348,reshape2::melt-0,51999600
31,data.table,1348,tidyr::gather-4,219186960
31,data.table,1348,stats::reshape-4,1296720080
31,data.table,1348,tidyr::gather-0,65137160
31,data.table,1348,tidyfast::dt_pivot_longer-4,152652000
31,data.table,1348,tidyr::pivot_longer-0,29192360
31,data.table,1348,tidyr::pivot_longer-0,28845600
31,data.table,1348,stats::reshape-4,1310911720
31,data.table,1348,tidyr::pivot_longer-0,70827720
31,data.table,1348,nc::capture_melt_single-0,17737120
31,data.table,1348,tidyr::pivot_longer-4,32981080
31,data.table,1348,stats::reshape-0,1331975680
31,data.table,1348,nc::capture_melt_single-0,31046520
31,data.table,1348,stats::reshape-4,1296101760
31,data.table,1348,nc::capture_melt_single-0,16601120
31,data.table,1348,utils::stack-4,179480800
31,data.table,1348,stats::reshape-4,1280369720
31,data.table,1348,utils::stack-0,43141440
31,data.table,1348,nc::capture_melt_single-4,19341960
31,data.table,1348,nc::capture_melt_single-0,16506160
31,data.table,1348,cdata::unpivot_to_blocks-0,133649120
31,data.table,1348,utils::stack-4,165157640
31,data.table,1348,cdata::unpivot_to_blocks-4,293822360
31,data.table,1348,tidyfast::dt_pivot_longer-0,3685200
31,data.table,1348,tidyfast::dt_pivot_longer-4,149842040
31,data.table,1348,tidyr::gather-0,64299520
31,data.table,1348,tidyr::pivot_longer-0,30752480
31,data.table,1348,tidyr::gather-4,218228000
31,data.table,1348,utils::stack-4,169246600
31,data.table,1348,tidyr::gather-0,64564880
31,data.table,1348,utils::stack-4,164034520
31,data.table,1348,reshape2::melt-0,66571800
31,data.table,1348,tidyr::pivot_longer-4,33978760
31,data.table,1348,cdata::unpivot_to_blocks-0,130971560
31,data.table,1348,tidyr::gather-4,202010280
31,data.table,1348,reshape2::melt-0,68139000
31,data.table,1348,stats::reshape-4,1359995120
31,data.table,1348,stats::reshape-4,1543885920
31,data.table,1348,tidyr::gather-0,66518680
31,data.table,1348,utils::stack-4,168123880
31,data.table,1348,cdata::unpivot_to_blocks-4,282132880
31,data.table,1348,tidyr::gather-4,198714480
31,data.table,1348,reshape2::melt-0,66403280
31,data.table,1348,reshape2::melt-4,187264360
31,data.table,1348,utils::stack-0,26379080
31,data.table,1348,reshape2::melt-4,189043480
31,data.table,1348,nc::capture_melt_single-0,16813520
31,data.table,1348,cdata::unpivot_to_blocks-0,144417000
31,data.table,1348,cdata::unpivot_to_blocks-0,130004640
31,data.table,1348,tidyfast::dt_pivot_longer-4,152201880
31,data.table,1348,reshape2::melt-0,52090440
31,data.table,1348,reshape2::melt-0,65892360
31,data.table,1348,tidyr::pivot_longer-4,32967360
31,data.table,1348,utils::stack-0,26585280
31,data.table,1348,tidyfast::dt_pivot_longer-4,153139320
31,data.table,1348,cdata::unpivot_to_blocks-0,130978560
31,data.table,1348,reshape2::melt-0,83956880
31,data.table,1348,utils::stack-0,27558880
31,data.table,1348,data.table::melt-4,7313120
31,data.table,1348,cdata::unpivot_to_blocks-0,137676320
31,data.table,1348,data.table::melt-0,3295800
31,data.table,1348,tidyr::pivot_longer-0,32409640
31,data.table,1348,nc::capture_melt_single-4,21369240
31,data.table,1348,utils::stack-4,182471000
31,data.table,1348,tidyfast::dt_pivot_longer-0,3720280
31,data.table,1348,tidyr::gather-4,197204560
31,data.table,1348,nc::capture_melt_single-4,19444960
31,data.table,1348,utils::stack-4,166483760
31,data.table,1348,utils::stack-0,26548760
31,data.table,1348,tidyr::gather-4,214489720
31,data.table,1348,stats::reshape-0,1177294480
31,data.table,1348,tidyfast::dt_pivot_longer-0,3732600
31,data.table,1348,cdata::unpivot_to_blocks-4,270993800
31,data.table,1348,utils::stack-4,164785800
31,data.table,1348,nc::capture_melt_single-4,19984840
31,data.table,1348,tidyr::gather-4,215230760
100,data.table,4246,data.table::melt-4,17838200
100,data.table,4246,nc::capture_melt_single-0,48796600
100,data.table,4246,data.table::melt-4,17548840
100,data.table,4246,cdata::unpivot_to_blocks-4,935280360
100,data.table,4246,cdata::unpivot_to_blocks-4,925520440
100,data.table,4246,tidyr::pivot_longer-0,71769200
100,data.table,4246,utils::stack-0,96365600
100,data.table,4246,reshape2::melt-4,611386520
100,data.table,4246,utils::stack-4,513938120
100,data.table,4246,nc::capture_melt_single-4,58318560
100,data.table,4246,tidyfast::dt_pivot_longer-4,455730280
100,data.table,4246,nc::capture_melt_single-4,58345480
100,data.table,4246,reshape2::melt-0,181854920
100,data.table,4246,nc::capture_melt_single-0,50210520
100,data.table,4246,tidyfast::dt_pivot_longer-4,470717120
100,data.table,4246,tidyr::pivot_longer-0,72255960
100,data.table,4246,reshape2::melt-4,611211040
100,data.table,4246,utils::stack-4,517994800
100,data.table,4246,tidyr::pivot_longer-4,86220680
100,data.table,4246,tidyr::pivot_longer-0,88116600
100,data.table,4246,utils::stack-4,514179240
100,data.table,4246,tidyr::pivot_longer-4,87352000
100,data.table,4246,tidyr::pivot_longer-0,89546480
100,data.table,4246,tidyr::gather-0,214898320
100,data.table,4246,reshape2::melt-4,611000440
100,data.table,4246,tidyfast::dt_pivot_longer-0,11701760
100,data.table,4246,tidyr::pivot_longer-0,72811400
100,data.table,4246,utils::stack-4,532235200
100,data.table,4246,tidyfast::dt_pivot_longer-0,11774600
100,data.table,4246,reshape2::melt-0,166164520
100,data.table,4246,tidyfast::dt_pivot_longer-0,55202280
100,data.table,4246,data.table::melt-0,8649040
100,data.table,4246,cdata::unpivot_to_blocks-0,512345080
100,data.table,4246,tidyfast::dt_pivot_longer-4,461932840
100,data.table,4246,tidyfast::dt_pivot_longer-4,457416080
100,data.table,4246,tidyfast::dt_pivot_longer-4,462384040
100,data.table,4246,reshape2::melt-0,182048720
100,data.table,4246,utils::stack-0,80912120
100,data.table,4246,nc::capture_melt_single-0,52376960
100,data.table,4246,cdata::unpivot_to_blocks-0,526031520
100,data.table,4246,cdata::unpivot_to_blocks-4,946341120
100,data.table,4246,tidyfast::dt_pivot_longer-0,10847560
100,data.table,4246,nc::capture_melt_single-4,58035640
100,data.table,4246,utils::stack-0,79903760
100,data.table,4246,tidyr::gather-0,217189160
100,data.table,4246,tidyr::gather-0,225921240
100,data.table,4246,reshape2::melt-4,733267400
100,data.table,4246,tidyr::pivot_longer-4,101240160
100,data.table,4246,tidyr::pivot_longer-0,74915960
100,data.table,4246,data.table::melt-4,18806360
100,data.table,4246,data.table::melt-4,18357760
100,data.table,4246,tidyr::pivot_longer-4,98999440
100,data.table,4246,nc::capture_melt_single-4,60180040
100,data.table,4246,tidyr::gather-0,236448880
100,data.table,4246,nc::capture_melt_single-0,66401360
100,data.table,4246,utils::stack-0,84242080
100,data.table,4246,tidyr::gather-4,641214160
100,data.table,4246,utils::stack-4,532266560
100,data.table,4246,cdata::unpivot_to_blocks-0,505177080
100,data.table,4246,data.table::melt-4,17738720
100,data.table,4246,cdata::unpivot_to_blocks-0,505856840
100,data.table,4246,tidyfast::dt_pivot_longer-0,11798200
100,data.table,4246,tidyfast::dt_pivot_longer-0,11777880
100,data.table,4246,tidyr::pivot_longer-4,87086040
100,data.table,4246,tidyfast::dt_pivot_longer-4,462564240
100,data.table,4246,utils::stack-4,537494360
100,data.table,4246,data.table::melt-0,9233040
100,data.table,4246,data.table::melt-0,9615160
100,data.table,4246,cdata::unpivot_to_blocks-4,937731760
100,data.table,4246,tidyr::pivot_longer-0,73028680
100,data.table,4246,reshape2::melt-0,380097320
100,data.table,4246,data.table::melt-0,9173840
100,data.table,4246,data.table::melt-4,17958560
100,data.table,4246,tidyr::gather-4,638658440
100,data.table,4246,tidyr::gather-4,635607520
100,data.table,4246,cdata::unpivot_to_blocks-4,1122941120
100,data.table,4246,nc::capture_melt_single-4,113257080
100,data.table,4246,reshape2::melt-4,725488320
100,data.table,4246,tidyfast::dt_pivot_longer-0,12466800
100,data.table,4246,cdata::unpivot_to_blocks-4,995104920
100,data.table,4246,data.table::melt-0,8686760
100,data.table,4246,data.table::melt-4,18189560
100,data.table,4246,tidyr::pivot_longer-0,71909000
100,data.table,4246,reshape2::melt-4,613595080
100,data.table,4246,tidyr::gather-0,210636160
100,data.table,4246,tidyr::pivot_longer-4,84016680
100,data.table,4246,tidyr::gather-4,641521520
100,data.table,4246,data.table::melt-4,17571640
100,data.table,4246,data.table::melt-0,9026680
100,data.table,4246,cdata::unpivot_to_blocks-4,943749760
100,data.table,4246,reshape2::melt-4,618210280
100,data.table,4246,nc::capture_melt_single-0,50788480
100,data.table,4246,utils::stack-0,94796400
100,data.table,4246,nc::capture_melt_single-0,49637520
100,data.table,4246,tidyr::gather-4,639553120
100,data.table,4246,tidyr::pivot_longer-4,84502000
100,data.table,4246,reshape2::melt-4,609863240
100,data.table,4246,cdata::unpivot_to_blocks-4,932491160
100,data.table,4246,utils::stack-0,93419600
100,data.table,4246,tidyr::gather-0,221491200
100,data.table,4246,data.table::melt-0,8727800
100,data.table,4246,nc::capture_melt_single-0,49653080
100,data.table,4246,data.table::melt-4,17613880
100,data.table,4246,cdata::unpivot_to_blocks-0,497009640
100,data.table,4246,reshape2::melt-0,180573760
100,data.table,4246,cdata::unpivot_to_blocks-4,922638400
100,data.table,4246,nc::capture_melt_single-4,57824680
100,data.table,4246,utils::stack-4,533158760
100,data.table,4246,tidyfast::dt_pivot_longer-4,455633400
100,data.table,4246,tidyr::pivot_longer-0,71253320
100,data.table,4246,tidyfast::dt_pivot_longer-4,454187280
100,data.table,4246,utils::stack-4,533198040
100,data.table,4246,tidyr::gather-0,214336400
100,data.table,4246,data.table::melt-0,8701320
100,data.table,4246,tidyfast::dt_pivot_longer-4,457596840
100,data.table,4246,reshape2::melt-0,201475400
100,data.table,4246,reshape2::melt-0,170779640
100,data.table,4246,nc::capture_melt_single-4,72098560
100,data.table,4246,nc::capture_melt_single-0,50908680
100,data.table,4246,tidyr::gather-0,215136880
100,data.table,4246,reshape2::melt-0,184116720
100,data.table,4246,reshape2::melt-4,792835640
100,data.table,4246,nc::capture_melt_single-0,48816560
100,data.table,4246,utils::stack-0,79454840
100,data.table,4246,tidyr::pivot_longer-4,87499760
100,data.table,4246,tidyr::pivot_longer-0,89674640
100,data.table,4246,nc::capture_melt_single-4,57113880
100,data.table,4246,tidyr::gather-4,640773240
100,data.table,4246,tidyr::gather-4,638514760
100,data.table,4246,tidyr::gather-0,209764640
100,data.table,4246,cdata::unpivot_to_blocks-4,936410520
100,data.table,4246,tidyr::gather-4,638534720
100,data.table,4246,cdata::unpivot_to_blocks-0,494661440
100,data.table,4246,tidyfast::dt_pivot_longer-0,10855840
100,data.table,4246,data.table::melt-4,17675160
100,data.table,4246,utils::stack-0,80268000
100,data.table,4246,nc::capture_melt_single-4,72115240
100,data.table,4246,tidyfast::dt_pivot_longer-0,11241920
100,data.table,4246,nc::capture_melt_single-0,49959160
100,data.table,4246,tidyr::pivot_longer-4,84158160
100,data.table,4246,nc::capture_melt_single-4,57644360
100,data.table,4246,cdata::unpivot_to_blocks-0,499972280
100,data.table,4246,data.table::melt-0,8977560
100,data.table,4246,reshape2::melt-4,606739560
100,data.table,4246,utils::stack-4,526471480
100,data.table,4246,reshape2::melt-0,164281280
100,data.table,4246,cdata::unpivot_to_blocks-0,504279120
100,data.table,4246,reshape2::melt-0,177483400
100,data.table,4246,cdata::unpivot_to_blocks-0,491902720
100,data.table,4246,data.table::melt-0,8529600
100,data.table,4246,cdata::unpivot_to_blocks-0,493494320
100,data.table,4246,tidyfast::dt_pivot_longer-4,448555040
100,data.table,4246,utils::stack-0,80798440
100,data.table,4246,tidyr::gather-4,636379760
100,data.table,4246,tidyr::gather-0,429769280
100,data.table,4246,tidyr::pivot_longer-4,95562200
100,data.table,4246,utils::stack-4,519558200
100,data.table,4246,utils::stack-0,92917280
100,data.table,4246,tidyfast::dt_pivot_longer-0,10753400
100,data.table,4246,tidyr::gather-4,640359080
316,data.table,13318,nc::capture_melt_single-4,194635240
316,data.table,13318,tidyr::gather-0,679168280
316,data.table,13318,utils::stack-4,1645859400
316,data.table,13318,tidyr::pivot_longer-0,236614720
316,data.table,13318,reshape2::melt-4,1933515680
316,data.table,13318,nc::capture_melt_single-4,215779480
316,data.table,13318,tidyr::gather-4,2027029240
316,data.table,13318,reshape2::melt-4,1971823960
316,data.table,13318,tidyr::gather-0,718787520
316,data.table,13318,tidyr::pivot_longer-4,258448360
316,data.table,13318,reshape2::melt-0,580749680
316,data.table,13318,data.table::melt-0,28652240
316,data.table,13318,nc::capture_melt_single-0,178667720
316,data.table,13318,tidyfast::dt_pivot_longer-0,40614680
316,data.table,13318,data.table::melt-4,57618680
316,data.table,13318,utils::stack-4,1719467680
316,data.table,13318,utils::stack-0,485642440
316,data.table,13318,tidyr::pivot_longer-4,269509120
316,data.table,13318,tidyr::pivot_longer-4,277391560
316,data.table,13318,tidyr::pivot_longer-0,234034960
316,data.table,13318,reshape2::melt-0,582832160
316,data.table,13318,tidyr::gather-0,695765120
316,data.table,13318,nc::capture_melt_single-0,170195720
316,data.table,13318,reshape2::melt-0,812740600
316,data.table,13318,data.table::melt-4,59377400
316,data.table,13318,data.table::melt-0,29416640
316,data.table,13318,reshape2::melt-0,582324640
316,data.table,13318,tidyfast::dt_pivot_longer-4,1451173000
316,data.table,13318,tidyr::pivot_longer-0,237489920
316,data.table,13318,nc::capture_melt_single-0,173073840
316,data.table,13318,tidyfast::dt_pivot_longer-4,1453946720
316,data.table,13318,data.table::melt-0,30584680
316,data.table,13318,data.table::melt-4,57477520
316,data.table,13318,utils::stack-0,522561960
316,data.table,13318,data.table::melt-0,28279640
316,data.table,13318,data.table::melt-0,28103440
316,data.table,13318,data.table::melt-0,28893720
316,data.table,13318,data.table::melt-0,29590800
316,data.table,13318,reshape2::melt-4,1937334560
316,data.table,13318,data.table::melt-0,28317880
316,data.table,13318,tidyfast::dt_pivot_longer-0,38129000
316,data.table,13318,tidyr::pivot_longer-0,261039280
316,data.table,13318,tidyfast::dt_pivot_longer-4,1450612320
316,data.table,13318,tidyr::gather-4,2041719760
316,data.table,13318,nc::capture_melt_single-4,195096200
316,data.table,13318,nc::capture_melt_single-0,191234600
316,data.table,13318,tidyfast::dt_pivot_longer-4,1447208720
316,data.table,13318,nc::capture_melt_single-0,171237400
316,data.table,13318,reshape2::melt-4,2196512240
316,data.table,13318,tidyr::pivot_longer-4,270874000
316,data.table,13318,tidyfast::dt_pivot_longer-4,1445123200
316,data.table,13318,reshape2::melt-4,1937147120
316,data.table,13318,nc::capture_melt_single-0,167023800
316,data.table,13318,tidyfast::dt_pivot_longer-0,38638640
316,data.table,13318,reshape2::melt-0,599792240
316,data.table,13318,tidyfast::dt_pivot_longer-0,37825560
316,data.table,13318,tidyr::gather-0,909338960
316,data.table,13318,tidyr::pivot_longer-0,229401400
316,data.table,13318,reshape2::melt-0,546481640
316,data.table,13318,data.table::melt-4,53871280
316,data.table,13318,utils::stack-0,279156600
316,data.table,13318,tidyfast::dt_pivot_longer-0,39207880
316,data.table,13318,utils::stack-0,264605040
316,data.table,13318,tidyr::gather-0,724735480
316,data.table,13318,tidyr::gather-0,674018480
316,data.table,13318,data.table::melt-4,54448320
316,data.table,13318,nc::capture_melt_single-4,198915400
316,data.table,13318,tidyfast::dt_pivot_longer-0,38776120
316,data.table,13318,reshape2::melt-4,2174139280
316,data.table,13318,tidyfast::dt_pivot_longer-4,1447307000
316,data.table,13318,reshape2::melt-0,572071600
316,data.table,13318,data.table::melt-4,53435480
316,data.table,13318,data.table::melt-0,29708240
316,data.table,13318,reshape2::melt-0,568010600
316,data.table,13318,tidyr::pivot_longer-0,234643040
316,data.table,13318,nc::capture_melt_single-0,165506120
316,data.table,13318,data.table::melt-4,53653320
316,data.table,13318,data.table::melt-0,29385280
316,data.table,13318,utils::stack-4,1692271040
316,data.table,13318,tidyfast::dt_pivot_longer-0,39317680
316,data.table,13318,reshape2::melt-4,2164997800
316,data.table,13318,tidyr::pivot_longer-4,275845720
316,data.table,13318,utils::stack-0,267848920
316,data.table,13318,nc::capture_melt_single-4,207757920
316,data.table,13318,tidyr::gather-0,683678760
316,data.table,13318,tidyfast::dt_pivot_longer-0,37925840
316,data.table,13318,data.table::melt-4,55325760
316,data.table,13318,tidyfast::dt_pivot_longer-4,1448708160
316,data.table,13318,utils::stack-0,313299600
316,data.table,13318,tidyr::pivot_longer-4,259200920
316,data.table,13318,tidyr::gather-4,2235009000
316,data.table,13318,tidyr::pivot_longer-0,219063800
316,data.table,13318,reshape2::melt-4,1927837200
316,data.table,13318,utils::stack-4,1655486320
316,data.table,13318,nc::capture_melt_single-0,168883280
316,data.table,13318,tidyr::gather-4,2018536160
316,data.table,13318,utils::stack-4,1692485440
316,data.table,13318,nc::capture_melt_single-4,195955160
316,data.table,13318,tidyfast::dt_pivot_longer-0,38248640
316,data.table,13318,reshape2::melt-0,802045920
316,data.table,13318,tidyr::gather-4,2037125400
316,data.table,13318,reshape2::melt-0,585946160
316,data.table,13318,tidyr::gather-4,2035468520
316,data.table,13318,data.table::melt-4,53826840
316,data.table,13318,nc::capture_melt_single-4,216411120
316,data.table,13318,tidyr::gather-4,2026201040
316,data.table,13318,utils::stack-4,1653993280
316,data.table,13318,tidyfast::dt_pivot_longer-4,1474188520
316,data.table,13318,reshape2::melt-4,2169927640
316,data.table,13318,utils::stack-4,1663993640
316,data.table,13318,tidyfast::dt_pivot_longer-4,1443206120
316,data.table,13318,tidyr::gather-4,2019977080
316,data.table,13318,tidyr::gather-0,669820720
316,data.table,13318,utils::stack-0,279068000
316,data.table,13318,nc::capture_melt_single-4,193862680
316,data.table,13318,nc::capture_melt_single-0,189731760
316,data.table,13318,tidyr::pivot_longer-0,217534800
316,data.table,13318,nc::capture_melt_single-4,241401120
316,data.table,13318,utils::stack-4,1882045040
316,data.table,13318,data.table::melt-4,53693960
316,data.table,13318,tidyr::pivot_longer-4,286248200
316,data.table,13318,utils::stack-0,268065520
316,data.table,13318,tidyfast::dt_pivot_longer-4,1411360600
316,data.table,13318,tidyr::gather-0,690049600
316,data.table,13318,tidyfast::dt_pivot_longer-0,37722360
316,data.table,13318,nc::capture_melt_single-0,168628200
316,data.table,13318,tidyr::pivot_longer-4,274968720
316,data.table,13318,tidyr::pivot_longer-0,266919720
316,data.table,13318,tidyr::pivot_longer-4,261681600
316,data.table,13318,utils::stack-4,1879224800
316,data.table,13318,utils::stack-4,1634543720
316,data.table,13318,reshape2::melt-4,1928093720
316,data.table,13318,nc::capture_melt_single-4,213056720
316,data.table,13318,utils::stack-0,264386200
316,data.table,13318,utils::stack-0,274501760
316,data.table,13318,tidyr::pivot_longer-0,217246400
316,data.table,13318,tidyr::gather-4,2276361200
316,data.table,13318,tidyr::gather-0,673273360
316,data.table,13318,tidyr::pivot_longer-4,268634320
316,data.table,13318,tidyr::gather-4,2017120120
1000,data.table,42046,reshape2::melt-4,6161714360
1000,data.table,42046,tidyr::pivot_longer-4,994590560
1000,data.table,42046,data.table::melt-4,198708880
1000,data.table,42046,data.table::melt-4,204089280
1000,data.table,42046,data.table::melt-4,234331120
1000,data.table,42046,tidyr::pivot_longer-4,1054054160
1000,data.table,42046,tidyr::gather-0,2561641960
1000,data.table,42046,data.table::melt-0,104390320
1000,data.table,42046,tidyr::gather-0,2335896320
1000,data.table,42046,data.table::melt-4,196776560
1000,data.table,42046,utils::stack-4,5559984880
1000,data.table,42046,reshape2::melt-0,1928638400
1000,data.table,42046,tidyfast::dt_pivot_longer-0,162496240
1000,data.table,42046,utils::stack-0,1261068400
1000,data.table,42046,nc::capture_melt_single-4,704629320
1000,data.table,42046,utils::stack-0,941712440
1000,data.table,42046,tidyr::pivot_longer-4,1008764960
1000,data.table,42046,tidyr::pivot_longer-0,1156076160
1000,data.table,42046,data.table::melt-4,199101560
1000,data.table,42046,nc::capture_melt_single-4,760012120
1000,data.table,42046,data.table::melt-0,112483360
1000,data.table,42046,nc::capture_melt_single-4,736199080
1000,data.table,42046,data.table::melt-0,114246960
1000,data.table,42046,tidyfast::dt_pivot_longer-0,254514360
1000,data.table,42046,utils::stack-4,5576669400
1000,data.table,42046,utils::stack-0,934043320
1000,data.table,42046,tidyfast::dt_pivot_longer-4,4490273880
1000,data.table,42046,tidyr::gather-4,6719721720
1000,data.table,42046,data.table::melt-0,103419680
1000,data.table,42046,nc::capture_melt_single-0,679630480
1000,data.table,42046,reshape2::melt-4,6623047280
1000,data.table,42046,data.table::melt-0,112679960
1000,data.table,42046,tidyfast::dt_pivot_longer-0,173850760
1000,data.table,42046,nc::capture_melt_single-0,673051560
1000,data.table,42046,nc::capture_melt_single-4,776128000
1000,data.table,42046,utils::stack-0,1337835360
1000,data.table,42046,data.table::melt-4,192562320
1000,data.table,42046,data.table::melt-0,110354320
1000,data.table,42046,reshape2::melt-0,1969013480
1000,data.table,42046,tidyr::gather-4,7523648120
1000,data.table,42046,tidyr::pivot_longer-4,1061948800
1000,data.table,42046,tidyr::gather-0,3022102600
1000,data.table,42046,tidyr::pivot_longer-4,1043834880
1000,data.table,42046,nc::capture_melt_single-4,1204288880
1000,data.table,42046,nc::capture_melt_single-4,904033040
1000,data.table,42046,reshape2::melt-0,2186704640
1000,data.table,42046,nc::capture_melt_single-4,787104680
1000,data.table,42046,nc::capture_melt_single-0,668455240
1000,data.table,42046,nc::capture_melt_single-4,810701880
1000,data.table,42046,utils::stack-0,1484018320
1000,data.table,42046,utils::stack-0,1017443280
1000,data.table,42046,tidyr::gather-4,7590472520
1000,data.table,42046,nc::capture_melt_single-0,704627920
1000,data.table,42046,reshape2::melt-0,2152467000
1000,data.table,42046,utils::stack-0,1039262200
1000,data.table,42046,utils::stack-4,5719551880
1000,data.table,42046,nc::capture_melt_single-0,673731600
1000,data.table,42046,tidyr::pivot_longer-0,908456120
1000,data.table,42046,tidyr::gather-4,6786371680
1000,data.table,42046,tidyr::gather-0,2451943840
1000,data.table,42046,tidyr::pivot_longer-0,913104040
1000,data.table,42046,nc::capture_melt_single-4,1031675840
1000,data.table,42046,tidyfast::dt_pivot_longer-0,158607120
1000,data.table,42046,tidyr::gather-0,2388175360
1000,data.table,42046,tidyfast::dt_pivot_longer-0,155887360
1000,data.table,42046,utils::stack-0,926685480
1000,data.table,42046,tidyr::gather-0,2698188280
1000,data.table,42046,reshape2::melt-0,1868902320
1000,data.table,42046,reshape2::melt-4,6286159480
1000,data.table,42046,tidyr::gather-4,6800576880
1000,data.table,42046,tidyr::pivot_longer-4,1012885720
1000,data.table,42046,tidyr::gather-0,2544146600
1000,data.table,42046,tidyr::pivot_longer-0,915519720
1000,data.table,42046,reshape2::melt-0,2150022360
1000,data.table,42046,tidyr::pivot_longer-4,1105759200
1000,data.table,42046,tidyfast::dt_pivot_longer-4,4486430000
1000,data.table,42046,utils::stack-4,5661094880
1000,data.table,42046,reshape2::melt-4,6242711800
1000,data.table,42046,utils::stack-4,5343730800
1000,data.table,42046,tidyfast::dt_pivot_longer-0,168771680
1000,data.table,42046,tidyr::pivot_longer-0,892369360
1000,data.table,42046,tidyfast::dt_pivot_longer-0,155725320
1000,data.table,42046,tidyfast::dt_pivot_longer-4,4473282640
1000,data.table,42046,tidyr::pivot_longer-0,1290756400
1000,data.table,42046,data.table::melt-4,192371600
1000,data.table,42046,nc::capture_melt_single-4,740451280
1000,data.table,42046,utils::stack-4,5465333480
1000,data.table,42046,utils::stack-0,946275200
1000,data.table,42046,tidyfast::dt_pivot_longer-0,153144880
1000,data.table,42046,tidyr::gather-4,6678456240
1000,data.table,42046,nc::capture_melt_single-0,631482840
1000,data.table,42046,tidyr::gather-4,6659406200
1000,data.table,42046,reshape2::melt-0,2233385920
1000,data.table,42046,tidyr::gather-0,2358117920
1000,data.table,42046,data.table::melt-0,103699640
1000,data.table,42046,data.table::melt-4,194929800
1000,data.table,42046,utils::stack-4,5419674920
1000,data.table,42046,utils::stack-4,5337331360
1000,data.table,42046,tidyfast::dt_pivot_longer-4,4482686320
1000,data.table,42046,tidyfast::dt_pivot_longer-4,4528150600
1000,data.table,42046,tidyfast::dt_pivot_longer-4,4502258120
1000,data.table,42046,tidyr::gather-4,6973451240
1000,data.table,42046,nc::capture_melt_single-0,616974840
1000,data.table,42046,reshape2::melt-0,1944705760
1000,data.table,42046,utils::stack-0,969808960
1000,data.table,42046,tidyr::pivot_longer-0,879256120
1000,data.table,42046,data.table::melt-4,188629400
1000,data.table,42046,tidyr::pivot_longer-0,968905280
1000,data.table,42046,reshape2::melt-4,6416619080
1000,data.table,42046,utils::stack-4,5383908520
1000,data.table,42046,reshape2::melt-4,6609679440
1000,data.table,42046,nc::capture_melt_single-0,644396000
1000,data.table,42046,utils::stack-4,5408015360
1000,data.table,42046,tidyr::gather-4,6833034920
1000,data.table,42046,tidyr::pivot_longer-4,977543600
1000,data.table,42046,tidyr::gather-0,2497999920
1000,data.table,42046,tidyr::pivot_longer-4,1026412920
1000,data.table,42046,data.table::melt-0,104137920
1000,data.table,42046,nc::capture_melt_single-0,1008948920
1000,data.table,42046,tidyfast::dt_pivot_longer-4,4473248240
1000,data.table,42046,reshape2::melt-4,6312444040
1000,data.table,42046,reshape2::melt-0,1964734960
1000,data.table,42046,tidyr::gather-4,6602912480
1000,data.table,42046,reshape2::melt-0,1952964000
1000,data.table,42046,tidyfast::dt_pivot_longer-4,4459347960
1000,data.table,42046,reshape2::melt-4,6303959240
1000,data.table,42046,tidyr::pivot_longer-0,1251711080
1000,data.table,42046,reshape2::melt-4,6258532880
1000,data.table,42046,data.table::melt-4,186738640
1000,data.table,42046,tidyr::pivot_longer-0,927201920
1000,data.table,42046,tidyfast::dt_pivot_longer-4,4502685720
1000,data.table,42046,tidyr::gather-0,2578079200
1000,data.table,42046,tidyr::pivot_longer-4,1012489960
1000,data.table,42046,tidyfast::dt_pivot_longer-0,153186760
1000,data.table,42046,tidyfast::dt_pivot_longer-0,161514680
1000,data.table,42046,data.table::melt-0,111479440
1000,data.table,42046,nc::capture_melt_single-0,1054843160
1000,data.table,42046,tidyfast::dt_pivot_longer-4,4488141000
1000,data.table,42046,reshape2::melt-4,6270285640
1000,data.table,42046,data.table::melt-0,114606440
